NCBI_Gene,ARID4A_LogFoldChange,ARID4B_LogFoldChange,BRMS1_LogFoldChange,BRMS1L_LogFoldChange,GATAD1_LogFoldChange,HDAC1_LogFoldChange,HDAC2_LogFoldChange,ING1_LogFoldChange,ING2_LogFoldChange,MORF4L1_LogFoldChange,PHF12_LogFoldChange,RBBP4_LogFoldChange,SAP30_LogFoldChange,SAP30L_LogFoldChange,SAP130_LogFoldChange,SIN3A_LogFoldChange,SIN3B_2_LogFoldChange,SUDS3_LogFoldChange,pvalue
RBBP7,3.888,4.74,4.786,4.315,1.706,3.25,3.799,4.75,3.881,1.757,2.286,4.523,4.924,3.824,4.283,4.506,4.043,4.654,1.01E-05
HDAC1,4.114,4.376,4.551,4.622,1.874,3.049,4.188,4.855,3.394,0.729,2.46,4.252,5.219,4.048,4.574,4.791,4.125,4.397,1.14E-05
SIN3B,2.139,3.409,2.027,3.813,3.593,3.052,3.172,4.451,3.074,2.671,4.746,1.53,2.967,2.904,2.682,1.805,3.849,3.954,1.30E-05
HDAC2,3.306,3.051,2.811,3.491,1.384,3.239,3.652,3.843,2.682,0.015,1.78,3.844,3.867,3.756,3.509,4.328,4.041,3.047,3.71E-05
RBBP4,2.253,3.323,3.525,3.116,0.93,3.271,3.732,4.14,3.031,1.96,0.546,4.807,4.385,3.985,3.401,4.674,4.129,3.349,5.78E-05
SIN3A,4.998,4.991,5.187,4.917,-0.455,3.574,4.151,5.207,4.67,-1.245,-0.454,2.966,5.17,3.848,4.591,4.58,2.775,5.113,5.86E-05
SUDS3,4.16,4.389,4.672,4.577,-0.321,2.795,2.742,4.633,3.726,-1.122,-0.318,0.642,4.383,3.866,4.12,4.268,3.226,4.922,7.10E-05
BRMS1L,3.838,4.34,-0.544,4.753,-0.41,3.054,2.538,4.978,3.937,-1.214,-0.368,1.238,4.425,3.936,4.303,4.41,2.118,3.901,7.30E-05
RBBP7,3.124,3.329,4.633,2.963,1.611,3.6,-1.592,-1.042,3.283,1.726,2.189,3.131,3.795,4.131,-1.392,4.68,4.277,2.687,7.85E-05
SAP30L,2.634,3.304,2.891,3.268,-0.392,2.181,1.777,3.567,2.472,-1.207,-0.361,-1.05,2.394,4.227,2.122,3.92,0.693,2.276,0.000111
ARID4A,4.617,0.563,4.361,4.746,-0.402,2.331,1.752,4.317,3.149,-1.193,-0.367,-0.7,4.108,3.402,3.586,3.22,0.675,3.988,0.000154
ING1,2.61,2.913,2.612,3.255,-0.409,2.036,1.493,4.981,-0.842,-1.191,-0.365,-1.015,3.536,3.453,3.498,2.912,-1.012,2.169,0.000157
ARID4B,-0.562,4.349,4.392,4.656,-0.492,2.043,1.404,4.274,2.329,-1.302,-0.471,0.074,4.206,4.308,3.119,3.404,1.365,3.499,0.000177
SAP30,2.363,2.903,3.33,3.286,-0.404,1.84,1.732,3.574,3.224,-1.17,-0.366,-0.227,4.359,1.023,2.651,3.943,-0.291,2.642,0.000178
ING2,2.541,2.793,1.364,2.656,-0.346,1.677,0.495,0.304,4.232,-1.145,-0.345,-0.96,3.153,3.23,2.631,3.495,-1.211,1.957,0.00019
FAM60A,1.741,2.021,2.126,2.583,-0.323,1.925,1.044,2.964,1.404,-1.108,-0.295,-0.032,2.607,3.212,2.294,2.941,-0.486,1.728,0.000191
BRMS1,1.416,2.601,4.497,-0.884,-0.466,1.62,1.031,2.3,-0.259,-1.254,-0.421,-1.091,2.654,3.139,1.096,2.456,-1.075,2.087,0.000207
TNRC18,-0.428,-0.804,1.835,2.191,-0.356,1.885,0.657,3.047,1.863,-1.144,-0.332,-0.998,3.099,2.891,2.715,2.574,1.205,2.267,0.00021
SAP130,1.076,2.061,1.211,1.217,-0.422,0.677,0.667,2.799,1.564,-1.176,-0.377,-1.025,2.63,2.559,4.451,2.134,-1.176,1.037,0.000227
ARID4B,-0.523,-0.91,0.49,3.138,-0.43,1.166,1.314,1.378,2.514,-1.261,-0.423,0.102,2.824,0.883,3.264,2.82,0.511,2.621,0.000241
SAP130,0.982,1.841,1.151,1.078,-0.414,0.628,0.555,2.736,1.443,-1.2,-0.387,-1.02,2.601,2.48,4.562,2.082,-1.216,0.995,0.000244
SAP130,1.005,1.925,1.155,1.111,-0.397,0.643,0.538,2.763,1.465,-1.191,-0.312,-1.015,2.568,2.652,3.844,2.098,-1.155,0.998,0.000307
HNRNPUL1,1.136,0.873,0.626,0.584,2.426,-1.506,-0.611,0.305,0.904,1.467,3.125,2.622,-0.113,0.528,0.457,2.112,0.052,0.018,0.000335
SAP130,0.934,1.704,0.903,0.958,-0.42,0.486,0.348,2.539,1.272,-1.215,-0.39,-1.066,2.445,2.538,4.189,1.817,-1.225,0.858,0.000336
SAP130,0.94,1.832,0.977,0.969,-0.367,0.636,0.392,2.65,1.342,-1.171,-0.343,-1.021,2.527,2.579,3.888,1.939,-1.226,0.888,0.000361
BAHCC1,-0.456,-0.846,0.162,0.593,-0.397,0.5,-0.861,2.091,-0.244,-1.207,-0.352,-1.036,2.37,2.427,1.948,0.539,-1.262,2.155,0.000364
PHF12,-0.493,-0.846,-0.599,-0.87,3.127,1.991,1.479,-1.095,-0.875,3.828,5.323,-1.074,-0.613,-1.484,-1.423,-1.156,2.975,-0.809,0.000401
TUBA1A,0.135,0.536,2.343,0.336,1.348,1.833,-0.775,0.487,0.695,0.404,1.68,0.419,0.211,1.921,2.064,1.755,3.239,0.222,0.000491
CHD4,-1.708,-1.238,-1.241,-1.301,-0.359,3.119,3.063,-1.589,-2.099,-1.499,-1.033,3.258,-1.609,-1.94,-1.94,-1.491,-2.498,-0.439,0.000497
GCN1,-0.504,-0.601,1.533,-0.882,-0.439,1.424,0.648,-0.49,-0.904,-0.876,-0.401,-0.247,2.258,2.468,1.982,-0.841,2.231,-0.452,0.000503
GATAD1,-0.488,-0.88,-0.621,-0.847,5.245,1.734,0.808,-1.059,-0.868,1.767,3.208,-0.466,-0.626,-1.229,-1.398,-1.16,2.354,-0.798,0.000553
GATAD2B,0.013,-0.527,-0.527,-0.785,-0.351,3.119,3.627,-0.979,-0.818,-1.155,-0.329,3.584,-0.538,-1.205,-1.012,-1.065,-1.262,0.035,0.000582
MTA1,-0.435,-0.807,-0.527,-0.804,-0.365,3.112,3.671,-1.016,-0.818,-1.194,-0.344,5.001,-0.541,-1.46,-1.361,-1.111,-1.245,-0.741,0.000585
MBD3,-0.463,-0.84,-0.599,-0.862,-0.42,3.331,3.786,-1.041,-0.882,-1.212,-0.373,3.8,-0.583,-1.503,-1.408,-1.16,-1.288,-0.452,0.000608
MTA2,-0.417,-0.542,-0.53,-0.785,-0.362,3.233,3.955,-1.004,-0.829,-1.166,-0.346,4.638,-0.553,-1.451,-1.359,-1.095,-1.246,-0.711,0.000629
MBD2,-0.478,-0.841,-0.565,-0.797,-0.342,2.942,2.699,-1.026,-0.881,-1.166,-0.332,3.013,-0.569,-1.457,-1.365,-1.112,-1.276,-0.715,0.00063
GATAD2A,-0.532,-0.897,-0.638,-0.923,-0.471,3.284,3.297,-1.127,-0.908,-1.276,-0.45,3.586,-0.668,-1.57,-1.457,-1.228,-1.332,-0.86,0.000675
CHD3,-0.496,-0.846,-0.555,-0.857,-0.441,3.358,3.922,-1.074,-0.892,-1.242,-0.397,3.861,-0.634,-1.529,-1.392,-1.17,-1.312,-0.5,0.000739
PRKDC,-1.554,0.016,1.615,-0.703,-0.051,1.63,0.587,0.524,-0.931,0.09,-0.861,0.664,2.342,2.315,1.673,0.197,1.817,-1.868,0.00077
CAD,-0.411,0.793,2.144,0.54,0.943,2.074,1.741,0.402,-0.46,0.54,-0.331,1.532,1.988,1.783,1.971,1.167,1.956,0.86,0.000817
CCT2,-0.413,0.062,0.736,0.365,0.197,3.451,4.061,-1.001,-0.327,-1.147,0.005,1.012,0.296,-0.565,-0.595,-0.78,-0.522,0.496,0.000835
CCT5,-0.188,0.3,0.875,0.708,0.235,3.24,3.666,-0.404,0.331,-0.381,-0.304,-0.049,0.633,-0.089,0.149,-0.3,-0.062,0.593,0.000883
TUBB6,-1.028,0.694,0.873,-1.412,0.145,2.21,1.715,0.988,-1.393,-0.916,-0.963,-0.547,1.884,1.99,1.442,1.006,2.055,-0.259,0.000935
CHD4,-1.712,-1.234,-1.246,-1.303,-0.364,3.101,3.486,-1.6,-2.107,-1.517,-1.05,1.547,-1.623,-1.941,-1.932,-1.492,-2.522,-0.438,0.000944
TCP1,-0.395,-0.768,0.259,-0.419,0.223,3.251,3.771,-0.945,-0.78,-1.097,0.776,1.232,0.821,0.686,-0.735,-0.729,-0.245,-0.66,0.000953
MSH2,-0.47,-0.868,-0.605,-0.484,-0.404,0.562,-1.202,-1.061,-0.902,-0.446,0.187,-1.048,2.067,2.055,-0.333,-0.832,-0.432,-0.784,0.000961
CCT3,-0.285,-0.655,0.099,0.15,-0.476,3.116,4.087,-1.114,-0.729,-1.318,-0.451,0.196,-0.673,-0.947,-1.48,-1.251,-1.09,-0.038,0.00097
CCT4,-0.63,-0.731,-0.713,-0.977,-0.557,3.056,3.655,-1.185,-0.409,-1.361,-0.503,0.391,-0.495,-1.651,-1.532,-1.283,-1.187,0.507,0.001017624
CCT6A,-0.473,-0.572,-0.138,0.246,-0.352,3.758,4.115,-1.008,-0.861,-1.149,-0.357,0.153,-0.572,-0.489,-1.361,-1.113,0.066,0.188,0.001072111
CCT8,-0.607,-0.6,0.042,-0.286,0.529,3.585,4.24,-1.173,0.174,-1.33,-0.486,0.917,-0.46,-1.372,-0.834,-1.274,-1.165,-0.725,0.001073516
MORF4L1,-0.49,-0.839,-0.572,-0.866,1.564,0.015,-0.184,-1.068,-0.845,4.427,3.553,-1.054,-0.606,-1.464,-1.396,-1.163,0.822,-0.799,0.001082313
CCT7,-0.464,-0.414,-0.329,-0.842,-0.425,3.486,3.809,-1.072,-0.218,-1.234,-0.402,0.953,-0.59,-1.041,-1.052,-1.167,0.013,0.188,0.001090111
EMSY,-0.402,-0.761,-0.509,-0.792,2.406,1.139,0.122,-0.984,-0.808,0.069,2.011,-0.974,-0.52,-1.411,-1.322,-1.088,0.529,-0.699,0.0011272
KDM5A,-0.487,-0.83,-0.565,-0.82,2.538,0.954,-0.311,-1.022,-0.858,1.819,2.782,-1.013,-0.59,-1.469,-1.354,-1.106,0.465,-0.751,0.001154255
ERC1,3.099,1.489,-0.594,-0.833,0.912,-1.851,-1.623,5.038,1.58,-1.197,-0.388,-1.053,-0.595,0.055,-1.081,-1.143,-1.31,-0.762,0.001159218
CDK2AP1,-0.486,-0.856,-0.578,-0.863,-0.443,2.401,2.037,-1.065,-0.883,-1.207,-0.392,1.615,-0.578,-1.482,-1.402,-1.167,-1.297,-0.781,0.001248605
MTA3,-0.49,-0.834,-0.611,-0.859,-0.439,3.491,3.548,-1.05,-0.868,-1.213,-0.402,1.557,-0.6,-1.499,-1.417,-1.156,-1.291,-0.782,0.00128013
PWWP2A,-0.525,-0.894,-0.598,-0.838,-0.414,2.676,2.331,-1.078,-0.886,-1.23,-0.385,1.148,-0.627,-1.545,-1.412,-1.165,-1.315,-0.795,0.001298992
CHD5,-0.469,-0.845,-0.579,-0.832,-0.342,2.156,3.119,-1.03,-0.855,-1.191,-0.384,1.405,-0.572,-1.477,-1.392,-1.145,-1.278,-0.743,0.001335352
RCOR1,-0.411,-0.797,-0.515,-0.782,-0.349,3.265,3.788,-0.959,-0.605,-1.149,-0.323,-0.627,-0.517,-1.422,-1.31,-1.053,-1.205,-0.712,0.001357767
KDM1A,-0.475,-0.585,-0.325,-0.852,-0.428,3.289,3.749,-1.068,-0.871,-1.22,-0.394,-0.717,-0.588,-1.488,-1.06,-1.158,-1.277,-0.014,0.001367534
C16orf87,-0.42,-0.772,-0.512,-0.78,-0.344,2.8,3.025,-0.989,-0.811,-1.153,-0.305,-0.983,-0.523,-1.435,-1.322,-1.094,-1.232,-0.695,0.00142685
MIER1,-0.42,-0.749,-0.504,-0.771,-0.336,3.53,3.737,-0.989,-0.806,-1.155,-0.314,-0.998,-0.518,-1.416,-1.323,-1.092,-1.194,-0.729,0.001447036
DNTTIP1,-0.441,-0.797,-0.541,-0.809,-0.364,3.042,2.817,-0.992,-0.862,-1.171,-0.325,-0.963,-0.52,-1.457,-1.346,-1.112,-1.273,-0.722,0.001454888
WDR5,-0.452,-0.846,-0.578,-0.835,-0.365,3.013,3.046,-1.017,-0.863,-1.194,-0.37,-1.008,-0.554,-1.485,-1.354,-1.11,-1.065,-0.765,0.001455432
ZMYM2,-0.463,-0.8,-0.553,-0.803,-0.349,3.435,4.023,-1.025,-0.825,-1.16,-0.374,-0.996,-0.569,-1.464,-1.338,-1.119,-1.272,-0.732,0.001542672
GSE1,-0.488,-0.837,-0.578,-0.842,-0.398,3.006,3.499,-1.04,-0.857,-1.202,-0.376,-1.029,-0.583,-1.512,-1.4,-1.137,-1.288,-0.772,0.001546657
MIER3,-0.469,-0.819,-0.565,-0.872,-0.415,2.815,3.016,-1.047,-0.854,-1.193,-0.398,-1.02,-0.556,-1.481,-1.377,-1.143,-1.291,-0.777,0.00155354
MIDEAS,-0.471,-0.825,-0.559,-0.822,-0.367,3.542,3.122,-1.012,-0.867,-1.181,-0.38,-1.028,-0.587,-1.449,-1.375,-1.095,-1.245,-0.745,0.001572748
ZMYM3,-0.477,-0.869,-0.579,-0.844,-0.435,3.353,3.926,-1.03,-0.883,-1.202,-0.393,-1.043,-0.603,-1.509,-1.425,-1.156,-1.314,-0.801,0.001582944
CTBP1,-0.414,-0.8,-0.522,-0.818,-0.405,2.892,2.592,-1.024,-0.81,-1.171,-0.366,-1.028,-0.535,-1.473,-1.378,-1.128,-1.256,-0.755,0.001591042
HMG20A,-0.502,-0.853,-0.596,-0.879,-0.449,2.454,2.402,-1.072,-0.906,-1.24,-0.429,-1.042,-0.575,-1.503,-1.407,-1.183,-1.32,-0.809,0.001607611
RERE,-0.422,-0.827,-0.526,-0.792,-0.357,3.559,3.839,-1.005,-0.807,-1.166,-0.305,-0.987,-0.533,-1.409,-1.353,-1.121,-1.249,-0.735,0.001616173
RCOR3,-0.509,-0.886,-0.61,-0.876,-0.453,2.571,2.449,-1.099,-0.908,-1.263,-0.438,-1.112,-0.628,-1.524,-1.436,-1.2,-1.341,-0.824,0.001618817
CDYL,-0.449,-0.768,-0.535,-0.79,-0.33,2.822,2.833,-0.966,-0.817,-1.133,-0.305,-0.959,-0.537,-1.435,-1.304,-1.105,-1.25,-0.728,0.001652464
GSE1,-0.464,-0.838,-0.571,-0.841,-0.4,3.277,3.449,-1.041,-0.854,-1.182,-0.37,-1.025,-0.567,-1.46,-1.391,-1.139,-1.283,-0.759,0.001683449
ZNF516,-0.473,-0.824,-0.579,-0.847,-0.404,3.224,2.908,-1.066,-0.843,-1.231,-0.393,-1.053,-0.586,-1.455,-1.401,-1.151,-1.279,-0.778,0.001697715
MIER2,-0.498,-0.839,-0.58,-0.88,-0.425,2.181,2.312,-1.096,-0.9,-1.218,-0.4,-1.113,-0.582,-1.463,-1.42,-1.172,-1.301,-0.805,0.001711677
BCL11A,-0.44,-0.831,-0.521,-0.817,-0.42,2.791,2.862,-1.054,-0.839,-1.18,-0.378,-0.454,-0.546,-1.458,-1.387,-1.138,-1.248,-0.755,0.001724855
ZNF217,-0.478,-0.857,-0.581,-0.894,-0.445,2.775,2.877,-1.079,-0.877,-1.256,-0.418,-1.063,-0.603,-1.492,-1.408,-1.168,-1.303,-0.805,0.001737753
RREB1,-0.512,-0.88,-0.602,-0.868,-0.451,3.263,3.012,-1.07,-0.938,-1.234,-0.421,-1.059,-0.654,-1.532,-1.413,-1.173,-1.33,-0.803,0.001838029
RCOR2,-0.479,-0.828,-0.563,-0.851,-0.406,2,2.123,-1.072,-0.878,-1.216,-0.413,-1.044,-0.561,-1.468,-1.416,-1.137,-1.273,-0.768,0.001839409
PHF21A,-0.471,-0.816,-0.575,-0.841,-0.431,2.151,2.316,-1.045,-0.863,-1.201,-0.383,-1.031,-0.563,-1.483,-1.393,-1.132,-1.263,-0.751,0.001985494
RCOR3,-0.451,-0.785,-0.556,-0.822,-0.379,2.154,2.026,-0.999,-0.85,-1.164,-0.354,-1.016,-0.572,-1.471,-1.363,-1.116,-1.278,-0.747,0.002056148
ARID5B,-0.453,-0.79,-0.543,-0.783,-0.359,2.626,2.584,-0.966,-0.806,-1.154,-0.341,-0.998,-0.556,-1.435,-1.335,-1.098,-1.246,-0.706,0.00208676
RREB1,-0.437,-0.803,-0.56,-0.823,-0.386,2.48,2.614,-1.002,-0.85,-1.176,-0.359,-1.013,-0.567,-1.461,-1.343,-1.12,-1.245,-0.738,0.002087564
MGA,-0.494,-0.862,-0.604,-0.851,-0.432,2.311,2.836,-1.065,-0.881,-1.232,-0.42,-1.092,-0.608,-1.521,-1.426,-1.175,-1.307,-0.82,0.002102791
EPPK1,2.106,-0.208,-0.498,-0.783,-0.365,-1.781,-1.575,-0.992,-0.779,-1.13,-0.333,-0.655,-0.517,-1.414,2.344,-0.059,-1.219,1.234,0.002158446
HSPA1A,1.804,1.5,1.017,0.925,0.632,0.207,-0.387,0.787,1.598,0.761,1.018,1.232,1.153,1.061,2.973,0.64,0.397,1.26,0.002159335
HSPA9,0.326,0.035,-0.102,0.226,-0.049,-0.792,-1.192,-0.182,0.165,-0.603,0.367,-0.111,-0.464,-0.659,2.329,-0.718,-1.44,-0.184,0.002174439
TUBB4B,0.641,0.388,1.016,0.288,-0.554,0.601,0.477,0.791,0.43,0.407,-0.455,-0.635,1.398,2.285,1.793,-0.074,0.56,-0.922,0.002192203
TUBA4A,0.176,0.703,1.273,0.197,1.157,0.506,1.387,0.677,0.363,0.818,1.898,0.891,0.943,0.762,2.074,1.146,0.622,-0.283,0.0022507
ATP5A1,-0.167,0.122,1.533,0.224,0.981,1.367,0.738,1.197,0.197,-0.326,0.696,0.582,2.13,1.91,1.966,0.206,1.936,0.079,0.002276867
LGALS3BP,1.63,1.912,0.966,-0.881,1.941,0.502,-0.308,2.005,1.95,0.339,0.669,1.909,1.451,1.357,1.401,1.222,-0.861,1.913,0.002288016
HNRNPM,2.059,0.465,1.115,1.467,-0.97,-0.037,-0.468,1.261,1.075,-0.362,-0.333,0.104,0.734,0.511,0.823,-0.965,-1.435,0.179,0.002300833
TUBA8,0.158,0.432,-0.353,0.059,1.252,0.293,0.161,0.804,-0.415,0.955,1.761,1.186,0.506,0.117,2.417,1.422,0.43,0.094,0.002324528
HIST3H2BB,-0.545,-0.109,-0.123,-0.394,0.697,1.236,2.069,0.542,-0.175,-0.667,1.323,0.808,-0.485,0.163,0.798,0.71,-0.583,-0.777,0.00235334
CALU,1.81,1.029,2.005,1.874,-0.066,0.282,-0.84,-0.086,0.634,-0.602,-0.34,0.07,0.721,0.289,0.16,-0.546,-0.848,0.761,0.002515218
KPNA2,-0.216,0.35,-0.035,-0.426,-0.796,-0.667,-0.525,-1.42,-1.032,1.82,0.359,0.75,-0.954,-0.382,-1.411,-1.201,2.743,0.817,0.002548167
HIST1H2AC,-0.377,-0.134,-0.146,-0.07,1.002,-0.634,-0.37,-1.095,0.242,-0.687,2.168,0.973,-0.207,-0.822,0.799,-0.3,-0.777,-0.596,0.002608988
FOXK1,-0.475,0.347,0.38,-0.824,-0.418,0.261,-1.608,1.724,-0.873,-1.214,-0.382,-1.05,1.381,0.701,0.018,0.427,0.409,2.146,0.002609824
HSPA4,-0.244,1.228,0.299,0.546,0.713,-1.859,-1.838,0.329,0.981,-0.636,0.325,1.122,0.085,-1.694,2.756,-0.051,-1.517,0.337,0.002615742
KPNB1,0.136,-0.825,-0.318,-0.054,0.987,-1.124,-1.609,-0.465,0.369,-1.206,-0.418,1.031,-0.582,-0.523,-0.808,-1.176,2.609,0.534,0.002638487
KPNA3,-0.367,-0.534,-0.492,-0.675,0.39,0.213,-1.07,-1.23,-0.828,0.709,0.023,0.556,-0.005,-0.927,-0.764,-0.387,2.481,-0.618,0.002652249
ANXA2,-0.425,-0.324,-0.549,-0.478,-0.034,-1.778,-1.582,-1.013,0.79,-1.2,0.607,-0.411,-0.534,0.153,-0.564,-1.125,-1.25,2.058,0.002676407
TROVE2,-0.821,-1.18,-0.92,-0.853,1.344,-1.409,-1.708,-1.394,-0.093,-0.972,2.236,0.621,-0.684,-0.504,-1.74,-1.494,0.226,-0.549,0.002731946
PABPC4,-0.316,-0.591,0.1,0.245,1.377,-1.879,-0.678,-0.975,0.152,-0.344,2.141,-0.069,-0.622,-0.858,-0.998,0.057,-1.32,-0.267,0.002742356
DECR1,0.502,1.006,-0.526,2.547,-0.383,-1.001,-1.565,-1.008,-0.842,-1.142,-0.341,-0.996,1.543,1.323,-1.326,0.522,-1.26,1.454,0.00278086
FOXK2,-0.496,-0.613,0.461,-0.535,-0.412,-0.663,-1.635,1.23,-0.88,-1.246,-0.4,-1.068,0.914,-0.004,-0.277,-1.15,-1.302,2.038,0.002798464
HSPH1,-0.419,0.617,-0.254,-0.426,-0.333,-1.797,-1.529,-0.961,-0.595,-1.122,-0.295,0.667,0.625,-1.182,2.036,-1.053,-1.209,-0.402,0.00284645
KPNA4,-0.48,-0.823,-0.574,-0.838,-0.39,1.705,1.343,-1.041,-0.86,1.582,0.945,1.77,-0.577,-1.475,-1.075,-1.134,2.595,-0.426,0.002852452
S100A9,-0.063,-1.029,-0.533,-0.112,-0.622,-1.87,-0.073,-1.244,2.008,-1.401,-0.575,-0.91,-0.232,1.584,-1.286,-1.332,-1.509,-0.653,0.002864995
SMARCA5,-0.448,-0.798,-0.536,-0.474,-0.372,-0.632,-0.956,-0.983,-0.796,-1.168,-0.362,2.033,-0.529,-1.444,-0.258,-1.101,-1.11,-0.758,0.002875573
CANX,-0.38,-1.002,-0.728,-0.044,-0.578,-2.004,-1.795,-1.213,-0.644,-1.375,0.241,-0.242,-0.728,-0.229,-1.556,-1.312,2.859,-0.121,0.00291153
SAP30L,1.185,-0.849,0.507,1.361,-0.403,-0.843,-0.58,0.08,-0.047,-1.193,-0.356,-1.033,-0.584,2.81,1.123,0.16,-1.268,-0.59,0.002921031
MTA3,-0.483,-0.848,-0.59,-0.843,-0.405,-0.895,2.36,-1.042,-0.835,-1.227,-0.355,1.491,-0.585,-1.476,-1.37,-1.121,-1.275,-0.753,0.002966299
ZNF219,-0.469,-0.815,-0.565,-0.84,-0.396,2.334,1.435,-1.043,-0.821,-1.208,-0.364,1.5,-0.558,-1.472,-1.367,-1.145,-1.296,-0.766,0.003001034
HSPA4L,-0.414,-0.736,-0.265,-0.738,-0.35,-1.813,-1.537,-0.62,-0.795,-1.153,-0.255,-0.619,-0.455,-1.411,2.122,-1.055,-1.198,-0.365,0.003080916
RCOR3,-0.433,-0.762,-0.529,-0.808,-0.368,1.965,2.88,-0.985,-0.829,-1.167,-0.33,-0.996,-0.525,-1.441,-1.369,-1.091,-1.22,-0.701,0.00308803
MIER3,-0.449,-0.815,-0.573,-0.858,-0.418,1.416,2.467,-1.064,-0.852,-1.221,-0.413,-1.069,-0.573,-1.475,-1.401,-1.16,-1.274,-0.798,0.003266227
MORF4L2,-0.456,-0.817,-0.561,-0.824,-0.376,-1.8,-1.598,-0.99,-0.821,0.88,3.089,-1.013,-0.568,-1.46,-1.347,-1.095,-1.277,-0.738,0.003306969
ZNF512B,-0.489,-0.85,-0.574,-0.846,-0.412,-0.335,-1.611,-1.043,-0.865,-1.204,-0.381,3.138,-0.609,-1.476,-1.38,-1.171,-1.279,-0.769,0.003347385
BCL11B,-0.469,-0.811,-0.582,-0.82,-0.419,2.267,1.958,-1.045,-0.855,-1.193,-0.347,0.269,-0.564,-1.49,-1.371,-1.147,-1.291,-0.767,0.003354617
TRERF1,-0.51,-0.896,-0.613,-0.883,-0.455,2.383,1.234,-1.114,-0.899,-1.251,-0.452,-1.087,-0.625,-1.525,-1.452,-1.205,-1.312,-0.824,0.003357301
ZNF521,-0.477,-0.864,-0.59,-0.825,-0.418,2.242,1.081,-1.047,-0.886,-1.226,-0.395,-0.477,-0.625,-1.495,-1.373,-1.135,-1.304,-0.764,0.00338042
MRFAP1,-0.454,-0.8,-0.534,-0.794,-0.36,-1.828,-1.608,-1.002,-0.829,4.769,-0.36,-1.013,-0.544,-1.46,-1.353,-1.102,-1.27,-0.725,0.003407502
MRGBP,-0.476,-0.822,-0.529,-0.829,-0.384,-1.82,-1.582,-1.017,-0.837,4.617,-0.364,-1.027,-0.578,-1.485,-1.366,-1.106,-1.268,-0.768,0.003408818
BRD8,-0.432,-0.793,-0.515,-0.782,-0.346,-1.81,-1.591,-0.993,-0.852,4.657,-0.326,-0.978,-0.527,-1.443,-1.302,-1.075,-1.249,-0.703,0.003411585
SGF29,-0.497,-0.843,-0.593,-0.861,-0.419,-1.858,-1.635,3.79,-0.845,-1.212,-0.392,-1.039,-0.609,-1.469,-1.4,-1.158,-1.292,-0.782,0.00342557
MRFAP1L1,-0.418,-0.78,-0.508,-0.806,-0.367,-1.777,-1.542,-1.003,-0.786,2.707,-0.332,-1.008,-0.53,-1.434,-1.331,-1.107,-1.256,-0.721,0.003473751
LIN9,-0.46,-0.842,-0.568,-0.816,-0.387,-1.823,-1.609,-1.017,-0.863,-1.19,-0.368,4.143,-0.589,-1.477,-1.396,-1.119,-1.276,-0.753,0.003505833
LYZ,-0.403,-0.783,-0.518,-0.81,-0.362,-1.764,-1.566,-0.986,-0.605,0.395,-0.331,-1.01,-0.531,2.718,-1.334,-1.086,-1.202,-0.727,0.003618351
LIN52,-0.434,-0.767,-0.531,-0.786,-0.363,-1.795,-1.554,-1.008,-0.838,-1.136,-0.333,2.146,-0.525,-1.435,-1.325,-1.116,-1.246,-0.73,0.003725132
SUZ12,-0.484,-0.845,-0.558,-0.857,-0.449,-1.829,-1.634,-1.075,-0.84,-1.246,-0.417,4.197,-0.589,-1.486,-1.391,-1.158,-1.266,-0.792,0.003728869
SCOC,-0.483,-0.833,-0.565,-0.847,-0.422,-1.836,-1.625,2.511,-0.857,-1.191,-0.373,-1.043,-0.59,-1.489,-1.394,-1.158,-1.27,-0.44,0.003805612
LIN37,-0.524,-0.895,-0.636,-0.901,-0.466,-1.881,-1.697,-1.093,-0.908,-1.253,-0.448,2.62,-0.642,-1.547,-1.435,-1.196,-1.33,-0.827,0.003857134
EZH2,-0.488,-0.825,-0.556,-0.821,-0.362,-1.853,-1.619,-1.013,-0.871,-1.184,-0.371,3.783,-0.581,-1.493,-1.384,-1.143,-1.277,-0.735,0.003861775
CHAF1A,-0.468,-0.835,-0.536,-0.817,-0.376,-1.844,-1.614,-1.016,-0.871,-1.185,-0.367,3.627,-0.559,-1.473,-1.35,-1.123,-1.268,-0.742,0.003880731
AEBP2,-0.449,-0.807,-0.545,-0.824,-0.361,-1.8,-1.583,-1.003,-0.861,-1.171,-0.384,2.993,-0.562,-1.469,-1.351,-1.126,-1.266,-0.747,0.003881314
MYBL2,-0.463,-0.817,-0.548,-0.845,-0.406,-1.85,-1.61,-1.058,-0.864,-1.161,-0.361,3.002,-0.551,-1.479,-1.389,-1.113,-1.266,-0.778,0.003928323
EED,-0.432,-0.797,-0.512,-0.814,-0.365,-1.782,-1.567,-1.012,-0.829,-1.155,-0.333,2.76,-0.53,-1.443,-1.367,-1.101,-1.226,-0.74,0.004023992
LIN54,-0.495,-0.833,-0.595,-0.836,-0.4,-1.817,-1.628,-1.052,-0.851,-1.192,-0.397,2.36,-0.556,-1.475,-1.386,-1.121,-1.279,-0.765,0.004024533
RNF41,-0.494,-0.851,-0.597,-0.868,-0.092,-1.515,-1.624,-0.758,-0.905,-1.218,-0.407,-1.042,-0.608,-1.502,2.965,-1.172,-1.065,-0.809,0.004038023
PALB2,-0.441,-0.797,-0.558,-0.821,-0.368,-1.804,-1.58,-1.003,-0.817,3.34,-0.328,-0.994,-0.569,-1.46,-1.348,-1.103,-1.255,-0.715,0.004056298
CHAF1B,-0.448,-0.828,-0.581,-0.796,-0.406,-1.853,-1.58,-1.016,-0.835,-1.179,-0.385,2.86,-0.565,-1.461,-1.338,-1.109,-1.291,-0.744,0.004244184
EP400,-0.436,-0.806,-0.552,-0.803,-0.384,-1.802,-1.578,-1.039,-0.847,3.691,-0.348,-0.998,-0.58,-1.456,-1.347,-1.109,-1.255,-0.75,0.004298294
BPTF,-0.501,-0.858,-0.571,-0.863,-0.41,-1.852,-1.627,-1.077,-0.862,-1.209,-0.384,2.856,-0.608,-1.49,-1.383,-1.124,-1.314,-0.783,0.004324435
ASH1L,-0.433,-0.778,-0.531,-0.8,-0.355,-1.798,-1.575,-1.016,-0.832,3.421,-0.329,0.218,-0.536,-1.436,-1.349,-1.112,-1.246,-0.734,0.004329852
PCBP1,0.129,0.294,-0.281,-0.117,-0.457,-2.032,-1.428,-0.52,-0.034,-1.02,-0.643,-1.09,-0.724,-0.883,-0.477,-0.657,-1.488,-0.866,0.004375895
TUBB,-0.127,0.445,0.861,-0.077,0.541,0.716,0.509,-0.163,-0.136,-0.455,1.163,0.056,1.098,1.197,1.341,0.654,1.081,-0.471,0.004395957
SNRPD1,-0.487,-0.317,-0.003,0.333,0.022,-1.191,-1.452,-0.697,0.6,-0.811,1.77,0.945,-0.754,-0.387,-0.038,-0.188,-1.207,-1.426,0.004425029
TUBA1C,-1.901,-1.441,0.701,-0.178,-0.601,0.751,0.713,-0.42,-0.614,-1.67,0.712,-0.551,1.032,0.991,1.467,-0.169,1.069,-1.75,0.004441827
HSPA8,-0.193,-0.333,-0.096,-0.262,0.329,-0.583,-0.788,-0.179,-0.279,-1.011,0.009,-0.444,-0.355,-0.578,1.142,-0.746,-0.839,-0.497,0.004525596
U2AF2,-0.454,-0.351,-0.291,-0.417,0.16,-1.863,-1.98,-0.96,-0.186,-1.203,-0.091,-0.7,-0.476,-0.87,-0.407,-0.953,-1.173,-1.312,0.004643672
RCC2,-0.388,-0.184,-0.29,-0.085,0.339,-1.963,-1.517,-0.638,-0.049,-0.268,0.375,-0.336,-0.362,-0.709,-1.001,0.12,-2.08,-0.469,0.004662913
SNRPF,-0.046,-1.883,0.306,-1.495,-1.051,-2.662,-2.436,-2.155,-0.018,-2.524,-1.811,-1.388,-0.668,-0.706,-1.893,-1.978,-3.562,-0.673,0.004755123
SNRPD2,-0.457,-0.881,0.102,-0.472,0.701,-2.403,-1.568,-1.135,0.497,-1.169,-0.154,-0.175,-0.507,-1.654,-1.509,-1.104,-2.676,-1.229,0.004779683
RBM39,-0.853,-0.947,-1.074,-0.754,0.491,-1.816,-1.923,-1.11,-0.821,-0.31,0.366,-0.851,-1.291,-1.721,-1.444,-0.076,-1.744,-1.536,0.004852235
HIST2H2AA3,-0.899,-1.149,-0.391,-0.218,-0.75,0.241,-0.109,-0.036,-0.247,-1.809,-0.054,0.857,-0.93,-0.956,-0.01,-0.575,-0.737,-0.113,0.004859946
HMGB1,-0.384,0.047,-0.21,-0.239,0.018,-2.302,-1.956,-0.419,0.171,-0.855,0.588,-0.451,-0.302,-0.774,-1.256,-0.651,-1.981,0.561,0.004896137
SNRPA,-0.123,-0.085,-0.052,-0.455,0.335,-2.48,-2.109,-0.877,0.272,-0.938,0.537,-0.557,-1.072,-1.395,-1.516,-0.128,-1.721,-0.827,0.004927792
BTF3L4,-0.145,0.15,0.973,0.168,-0.022,-1.764,-1.662,0.112,0.86,-0.74,-0.514,-0.597,0.42,-1.182,-0.665,-0.857,-2.419,1.047,0.004945179
EIF1AX,0.061,-0.51,-0.013,0.687,0.069,-2.624,-1.749,-0.784,-0.094,-1.2,-0.101,-0.844,-1.261,-1.846,-1.112,-0.288,-2.118,1.108,0.004982406
NUCKS1,-0.63,-1.085,-0.517,0.312,0.038,-2.25,-2.261,-2.151,-0.215,-1.269,-0.132,-0.394,-1.201,-1.372,-1.093,-1.2,-2.736,-1.055,0.004997325
ENO1,-0.149,0.478,0.464,0.336,0.827,-1.952,-1.99,-0.139,0.566,-1.189,0.962,0.182,-0.505,-1.402,-0.705,-0.169,-1.772,-0.282,0.005006674
CKB,0.477,0.948,1.013,0.883,1.578,-1.389,-1.284,0.166,0.605,-0.714,1.385,0.317,0.069,-1.412,-0.514,0.663,-1.06,-0.135,0.005012224
EIF5A,-0.248,0.056,0.128,0.012,-0.033,-2.167,-2.211,-0.41,-0.312,-0.916,0.322,-0.012,-0.72,-1.675,-1.242,-0.717,-1.519,0.831,0.005015148
CPSF6,-0.064,-0.227,0.345,0.288,0.252,-1.725,-1.393,-0.563,-0.041,-0.465,0.772,-0.596,-0.337,-0.907,-0.548,-0.481,-1.444,-1.308,0.005017927
RPLP2,-0.364,-0.003,-0.133,-0.077,1.261,-2.255,-1.641,-1.45,0.801,-0.303,0.611,0.701,-0.365,-0.281,0.139,-0.251,-1.374,-0.225,0.005088442
BTF3,-0.691,-0.046,-0.414,-0.439,-0.059,-2.359,-2.144,-1.589,-0.455,-1.471,-0.415,-0.752,-0.162,-0.873,-1.718,-0.562,-2.133,0.404,0.005109113
EEF1A1,0.187,0.146,0.411,-0.11,-0.437,0.05,-0.15,-0.362,0.264,-1.315,-0.096,-0.316,0.89,0.651,-0.135,-0.758,0.121,0.164,0.005109263
HNRNPF,1.091,0.569,0.77,0.892,0.55,-0.555,-0.317,0.553,0.944,-0.108,0.694,0.764,0.099,0.326,1.399,-0.017,-0.65,0.261,0.005123913
PTGES3,-0.134,-0.205,-0.736,0.057,0.07,-2.097,-2.166,-1.153,0.102,-1.431,0.703,-0.203,-0.787,-1.694,-1.229,-0.483,-3.369,-0.408,0.005126163
RCN2,0.689,1.679,1.179,1.33,0.525,-1.158,-1.041,-0.027,1.338,-0.638,0.295,0.672,0.605,-0.115,0.46,0.018,-0.466,1.156,0.005157962
BTF3,-0.674,0.106,-0.411,-0.44,-0.051,-2.341,-2.139,-0.413,-0.188,-1.124,-0.402,-0.733,-0.83,-1.967,-0.796,-0.553,-2.125,0.416,0.005175561
HMGA1,1.223,0.336,0.741,-0.008,-0.318,-1.187,-0.677,-0.485,-0.161,-0.308,0.292,0.358,0.247,-0.984,-0.645,-0.531,-0.542,0.808,0.005177709
PPIB,-0.031,0.27,0.047,-0.091,-0.347,-2.112,-1.482,-0.073,0.393,-0.875,-0.688,-1.022,-0.441,-1.06,-0.705,-0.882,-1.645,0.069,0.005222513
PCBP2,-0.76,-0.004,-0.16,-0.968,0.314,-1.976,-1.291,-1.338,-1.622,-1.515,-1.403,-1.654,-0.762,-1.938,-3.251,-0.799,-0.804,-0.498,0.005222677
C1QBP,-0.601,0.217,0.019,0.261,1.398,0.38,0.357,-0.573,0.272,-0.622,0.709,0.737,-0.562,-0.696,-0.432,-0.724,0.166,-0.598,0.005229992
HSPD1,-0.429,-0.574,-0.615,-0.243,0.232,-0.128,-0.814,-0.455,0.027,-2.222,-0.255,-0.408,-0.582,-1.024,-1.48,-0.798,0.27,-0.321,0.005280564
NCL,-0.399,-0.387,-0.15,0.32,0.087,-2.773,-2.703,-0.738,0.092,-2.167,0.218,-0.217,-0.705,-1.378,-1.051,-0.598,-2.852,-0.231,0.005325087
NPM1,-0.365,-0.2,-0.078,0.271,0.851,-2.761,-2.18,-0.736,0.073,-1.081,1.178,0.264,-0.689,-1.264,-0.929,-0.114,-1.007,0.09,0.005340425
SNRNP70,-0.144,-0.261,-0.247,-0.082,0.57,-2.081,-1.778,-0.392,-0.126,-0.924,0.836,0.278,-0.634,-0.693,-1.241,-0.035,-0.994,-0.773,0.00534522
TUBA1B,-0.104,0.409,0.524,0.212,1.15,-0.248,-0.598,0.377,0.517,0.296,1.51,0.411,0.225,-0.143,1.566,0.474,-0.335,0.027,0.005348609
HSP90AA1,0.859,1.021,0.766,1.156,1.187,-1.027,-0.845,0.236,0.492,0.069,1.873,0.738,0.279,-0.569,-0.092,0.965,-0.755,0.977,0.005433366
PUF60,0.818,-1.681,-0.206,1.034,-1.048,-1.365,-3.117,-0.522,0.31,-1.241,0.107,-0.147,0.178,-0.528,-0.774,-1.273,-1.641,-0.735,0.005489074
YWHAE,-0.197,-0.124,0.499,0.03,0.861,-1.832,-1.741,-0.843,0.217,-1.224,0.075,-0.424,-0.175,-1.327,-0.642,-0.996,-1.026,-0.325,0.005541108
PQBP1,0.456,-0.037,-0.421,-0.404,0.273,-1.886,-2.294,-1.45,0.11,-1.424,-0.069,-0.71,-1.005,-1.65,-1.732,-1.114,-2.031,-0.7,0.005669004
TUFM,0.179,-0.08,0.629,0.522,-0.3,0.451,-0.551,1.296,0.483,-0.515,0.548,0.4,0.957,1.382,0.37,-0.69,0.426,-0.372,0.00576363
MRTO4,-1.163,-0.579,-0.173,0.241,-0.521,-1.831,-2.002,-0.773,-0.072,-0.131,-0.158,0.135,-0.162,-1.058,-1.025,-0.314,-2.147,0.397,0.005788629
CBX3,0.098,0.002,-0.151,-0.151,0.097,0.647,0.584,-1.217,-0.139,-1.696,-0.034,0.17,-0.312,-1.216,-1.164,-1.362,-1.917,0.054,0.005819965
PCBP2,0.464,-0.183,0.062,-0.717,-0.923,-2.406,-1.719,-0.257,-0.543,-1.177,-0.347,-0.328,-1.064,-0.474,-1.027,0.056,-1.612,-1.918,0.005845669
GNL1,0.035,0.833,0.351,0.523,1.134,-1.467,-1.098,0.142,0.602,-0.035,1.022,1.02,-0.039,-0.426,0.037,0.6,-0.865,0.608,0.005973007
P4HB,0.691,0.372,0.196,0.138,-0.335,-1.537,-1.284,-0.126,0.017,-2.538,-0.558,-0.628,0.327,-0.666,-0.419,-0.709,-2.101,0.532,0.006004991
HSP90AB1,0.332,0.266,-0.241,0.049,0.642,-2.198,-1.818,-0.67,0.022,-0.691,0.485,0.142,-0.379,-0.694,-0.6,0.176,-1.287,0.616,0.006015669
ATP5B,-0.981,-0.452,0.474,0.251,0.589,-0.293,-1.294,-0.343,0.115,-0.693,0.587,0.35,1.396,0.981,0.684,0.01,0.936,-0.042,0.006036372
CLTC,1.121,1.063,0.845,0.964,1.13,-0.768,-1.268,0.06,0.887,-0.799,0.336,1.074,0.052,-0.611,0.192,0.186,-1.003,0.87,0.006071714
MATR3,0.042,-0.363,0.43,-0.025,0.027,-1.035,-1.013,-0.024,-0.158,-0.912,0.528,-0.052,-0.058,-0.811,-0.676,-0.048,-1.357,0.622,0.006086286
DDX3X,0.802,-0.502,0.242,0.544,0.405,-2.11,-1.195,-0.561,-0.423,-0.078,0.738,0.325,-0.688,-0.732,-1.127,0.25,-1.61,0.744,0.006146115
PPM1G,-0.474,-0.425,-0.319,-0.473,0.934,-2.303,-1.646,-1.017,-0.362,-0.312,0.771,0.197,-0.313,-0.59,-1.047,0.308,-2.112,-0.28,0.006157881
LDHB,-0.23,-0.578,0.188,-0.449,0.568,-2.69,-2.12,-0.603,0.369,-1.737,0.067,0.045,-0.224,-1.339,-0.624,-0.321,-2.51,-0.415,0.006181515
EIF5B,-0.462,-0.048,-0.091,0.418,0.541,-1.843,-1.685,-0.696,-0.219,-0.438,-0.14,-0.224,-0.327,-0.794,-1.132,-0.375,-1.502,-0.088,0.006199503
CACTIN,-0.163,0.503,0.007,0.231,0.635,-1.953,-1.281,-0.816,0.204,-0.788,1.131,-0.142,-0.552,-1.256,-0.788,-0.326,-0.929,-0.574,0.006205275
BRD2,-0.827,0.306,-0.993,-0.751,-0.119,-2.003,-2.845,-0.509,-0.263,-1.193,-0.92,-0.433,-0.266,-0.969,-1.123,-0.781,-1.433,-0.581,0.006217476
DDX46,0.049,0.239,-1.289,-0.421,-1.107,-1.986,-1.672,-1.24,-0.097,-2.723,-1.235,-0.79,-0.569,-0.354,-0.982,-2.01,-2.953,-1.6,0.00629519
NACA,-0.264,-0.279,-0.181,0.035,0.713,-2.462,-1.913,-1.232,0.245,-0.775,0.29,-0.419,-0.794,-1.064,-0.716,-0.639,-1.622,0.342,0.006341248
CPSF2,0.953,1.008,0.764,1.202,-0.263,-0.927,-1.73,0.459,1.236,-1.773,-0.227,0.408,0.355,-0.479,0.269,-0.006,-1.23,0.539,0.006342041
MCM3,-0.547,-0.641,0.483,0.865,-0.075,-2.375,-2.484,-1.22,0.114,-1.129,0.088,-0.238,0.022,-0.655,-1.351,-0.49,-1.987,0.505,0.006358009
KLHDC4,0.152,-0.205,0.439,-0.052,0.646,-1.709,-1.123,-0.638,-0.431,-0.015,0.829,0.039,-0.958,-0.934,-1.319,0.457,-1.213,0.853,0.006391017
EEF2,-0.413,-0.192,0.213,-0.384,0.35,-1.437,-2.066,-0.494,0.169,-1.486,0.499,-0.267,-0.321,-1.341,-0.648,-0.667,-1.516,-0.34,0.006391744
EIF4B,0.205,0.366,0.384,-0.231,-0.096,-2.481,-0.69,-0.49,-0.21,-0.606,-1.017,-0.53,-0.241,-1.014,-1.086,-0.382,-1.867,0.797,0.006540591
TSR1,-0.191,-0.375,0.275,0.57,-0.411,-2.294,-1.908,-0.829,-0.223,-0.945,-0.293,-0.596,-0.549,-1.356,-1.213,-0.902,-1.795,0.366,0.006547328
TOP1,-0.185,-0.232,0.752,0.441,0.021,-1.806,-1.014,-0.119,-0.115,-1.522,0.03,0.622,0.054,-0.892,-1.441,-1.181,-0.231,-0.281,0.006717135
LRRC47,-0.029,0.015,-0.235,0.166,0.049,-2.559,-2.08,-1.173,-0.047,-1.208,-1.024,-0.577,-0.141,-0.374,-0.669,-0.93,-1.621,0.581,0.006722536
DYNC1H1,0.97,0.96,1.33,1.186,1.698,0.612,-0.188,-0.146,0.658,-0.304,0.06,1.696,0.936,0.413,0.759,0.25,0.479,1.132,0.00673758
EIF3A,-0.722,-0.33,0.147,-0.306,0.191,-1.884,-1.95,-1.154,-0.426,-0.722,0.377,0.614,-0.426,-1.651,-0.31,-0.808,-1.621,-0.164,0.00696156
SNRPD3,-0.241,-0.784,-0.622,-1.053,-0.137,-2.907,-3.562,-1.199,-0.482,-1.249,0.9,0.019,-2.38,-1.559,-1.071,-1.047,-2.605,-3.007,0.006976639
RPLP1,-0.057,-0.148,-0.109,-0.593,0.544,-1.63,-1.45,-0.821,0.655,-0.528,1.478,0.235,-0.083,-0.824,0.008,0.343,-1.664,-0.68,0.006976688
MFAP1,-0.167,-0.577,-0.4,0.211,0.835,-2.829,-2.463,-1.937,-0.473,-0.857,0.86,0.258,-0.683,-1.102,-1.037,-0.351,-1.589,-1.587,0.007023216
RUVBL2,-1.068,-0.924,0.43,-0.058,0.068,-0.322,-1.708,-0.738,-0.341,0.376,-0.643,0.005,0.67,0.079,0.131,-1.214,-0.631,-0.066,0.007040058
RUVBL1,-0.311,-0.368,0.922,0.829,-0.333,0.717,-0.994,-0.336,0.419,1.498,0.729,0.895,1.197,1.226,1.005,-0.256,-0.199,-0.051,0.007062193
DDX41,0.924,-0.72,-1.136,-0.182,-1.41,-2.134,-2.236,-1.263,0.147,-1.63,-1.71,-0.114,-1.082,-0.586,-1.504,-2.164,-1.54,-0.457,0.007109594
GPI,0.487,0.523,0.447,0.553,1.461,-1.51,-1.881,0.004,0.81,-0.954,0.945,-0.007,0.473,-1.423,-0.222,0.597,-2.545,-0.165,0.007113409
AATF,0.126,0.535,0.449,0.902,0.624,-1.925,-2.026,-0.683,0.423,-1.294,0.27,-0.199,-0.479,-1.047,-0.81,-0.629,-0.916,0.642,0.007120825
DKC1,-1.297,0.023,0.203,-0.496,0.558,-1.474,-0.231,-0.032,-1.008,-0.537,-0.142,-0.693,-0.882,-1.586,-1.138,-0.189,-0.178,-0.757,0.007184805
CDC37,-0.32,0.344,-0.061,0.125,0.81,-1.477,-1.839,-0.73,0.541,-1.094,0.253,0.135,0.113,-0.971,-0.344,-0.697,-1.297,0.553,0.007207156
GRWD1,-0.459,-1.263,-0.884,0.443,-0.632,-1.744,-2.051,-1.791,-0.61,-2.506,-1.668,-0.137,-0.48,-1.936,-1.489,-1.249,-2.164,-0.34,0.007217957
SPTBN1,1.296,1.451,1.168,0.415,1.541,-1.11,-1.83,0.528,1.135,-2.226,-0.363,1.336,0.645,0.015,0.976,0.524,-2.751,0.849,0.007274572
SPTAN1,0.615,-0.05,0.04,-0.174,0.526,-1.642,-2.426,-0.334,0.585,-2.141,-0.536,0.848,-0.099,-0.747,0.042,-0.428,-2.55,-0.193,0.007283567
SPTAN1,0.617,0.949,0.06,-0.161,0.531,-1.637,-2.421,-0.316,0.595,-2.121,-0.514,-1.125,-0.086,-0.733,0.05,-0.421,-2.524,-0.194,0.007327077
HNRNPA2B1,0.361,-0.949,-0.797,-0.327,-1.004,-3.295,-2.287,-1.292,-0.53,-2.02,-0.726,-1.031,-1.004,-1.716,-1.448,-0.615,-3.743,0.356,0.007352168
PKM,-0.045,0.255,0.131,0.505,1.138,-2.067,-2.129,-0.549,0.204,-2.577,0.656,0.382,-0.25,-1.414,-0.928,-0.651,-2.53,0.222,0.007354721
CPSF3,0.362,-0.303,0.235,0.282,-1.511,-2.167,-1.264,-0.486,0.176,-1.667,-2.394,-0.348,-0.04,-0.629,-0.763,-1.533,-1.767,0.472,0.00744082
PCBP2,1.174,-0.192,-0.937,0.893,0.716,-0.59,-2.326,-0.155,0.723,-0.518,1.343,-0.115,-0.044,-0.685,-0.598,0.285,0.005,-0.219,0.007445943
HNRNPA1,0.911,-0.106,0.159,0.511,-0.103,-2.897,-1.291,-0.32,-0.347,-1.871,-0.403,-0.584,-1.216,-1.978,-1.4,-0.708,-2.527,0.297,0.007453097
PDIA6,0.675,0.404,-0.047,0.455,0.317,-1.691,-1.308,-0.233,0.602,-1.799,-0.108,0.055,-0.04,-1.031,-0.403,-0.419,-1.332,-0.283,0.007461387
HNRNPU,0.198,-1.002,-0.342,0.009,0.16,-2.584,-1.772,-0.799,-0.464,-0.966,-0.015,0.261,-1.72,-1.159,-1.146,-0.492,-2.604,0.452,0.007514472
DHX9,-0.516,-0.332,1.037,-0.404,0.825,1.179,0.115,0.225,-0.734,0.573,0.074,0.458,1.228,1.257,0.444,0.567,1.529,0.729,0.007524831
MTHFD1,-0.448,-0.529,0.227,0.418,0.711,-0.291,-0.824,-0.589,-0.198,-1.221,-0.397,-0.126,0.635,0.238,-0.778,-0.907,-0.549,-0.31,0.007583911
SUPT5H,0.375,0.394,1.274,1.126,0.975,-2.433,-1.347,-0.327,0.401,-1.211,0.507,0.516,-0.58,-0.45,-0.398,-0.148,-0.615,1.662,0.007589
TRIM28,-0.408,0.458,0.209,-0.796,1.961,-0.712,-0.976,-0.062,0.098,0.341,1.529,1.512,-0.269,-0.481,0.859,0.323,1.445,0.051,0.007590539
EIF3B,-0.214,0.067,-0.529,0.441,-0.17,-1.632,-2.327,0.041,-0.483,-0.843,-0.012,1.101,0.116,-0.939,-0.042,-1.273,-0.752,-0.29,0.007730491
HSP90B1,0.048,0.419,0.433,-0.876,0.699,-2.217,-1.387,-0.625,0.31,-0.984,-0.186,0.081,0.011,-1.609,-0.283,-0.924,-0.507,-0.357,0.007792795
FASN,0.741,1.274,0.992,-0.246,1.207,0.76,-0.738,1.05,1.332,0.577,-0.297,1.222,1.189,1.235,1.159,-0.327,1.158,1.498,0.007798704
PUF60,0.482,-0.27,0.624,-1.227,-0.443,-1.899,-1.767,-1.857,-0.019,-0.793,-0.216,0.103,-1.679,-0.566,-2.528,-1.084,-1.972,0.37,0.007803712
HIST1H2BK,-0.823,-0.428,-0.411,-0.592,0.403,1.035,1.227,0.609,-0.501,-0.853,1.025,0.523,-0.769,-0.156,0.647,0.406,-0.899,-0.934,0.007804344
HIST2H2BF,-0.87,-0.44,-0.417,-0.622,0.387,0.988,1.077,0.596,-0.532,-0.874,1.005,0.495,-0.809,-0.191,0.637,0.414,-0.906,-0.972,0.007826385
HIST1H2BJ,-0.804,-0.42,-0.367,-0.611,0.425,0.99,1.104,0.614,-0.46,-0.813,1.021,0.549,-0.727,-0.154,0.643,0.404,-0.859,-1.038,0.007853285
HIST1H2BO,-0.854,-0.424,-0.414,-0.659,0.364,1.055,1.068,0.548,-0.514,-0.879,1.039,0.525,-0.785,-0.171,0.606,0.418,-0.893,-1.074,0.007916472
RPL23,-0.259,0.135,0.917,0.338,-0.111,0.629,0.638,0.87,-0.695,-0.16,1.003,0.778,1.043,0.987,0.173,-0.076,-0.87,-0.813,0.007938329
HIST1H2BL,-0.596,-0.118,-0.115,-0.282,0.725,1.27,1.161,0.702,-0.213,-0.662,1.324,0.85,-0.478,0.171,0.865,0.725,-0.597,-0.691,0.0079595
HMGA1,0.999,0.421,0.245,-0.322,0.127,-1.026,-0.186,0.306,-0.177,-0.706,-0.493,-0.106,-0.194,-0.315,-0.703,-0.419,-0.304,0.746,0.007968268
RPL22,1.497,0.822,0.602,0.514,-0.578,-0.581,-1.031,-0.815,-0.283,-0.399,0.037,0.105,0.431,-0.414,-0.778,-0.371,-0.988,-0.556,0.008000837
MDH2,-0.092,-0.552,0.019,0.1,0.334,-2.008,-2.489,-0.823,0.528,-1.765,0.01,0.063,-0.815,-1.719,-1.734,-0.516,-2.403,-0.14,0.008053844
EIF4A1,0.159,-0.073,0.304,0.397,0.009,-2.757,-2.895,-0.819,-0.194,-1.085,0.094,0.053,-0.375,-1.243,-2.549,-1.04,-1.686,0.856,0.008097874
BASP1,0.942,0.466,0.404,0.054,0.132,-1.879,-1.025,-0.011,0.641,-1.215,0.344,-0.756,0.383,-0.328,-0.226,0.248,-1.312,-0.043,0.008143588
HNRNPH3,-1.2,-1.287,-0.821,-0.077,0.124,-3.176,-2.706,-2.056,-1.04,-0.872,0.551,0.234,-1.489,-2.823,-1.785,-1.429,-2.632,-0.511,0.008190957
SUCLG1,-0.627,-0.252,0.092,-0.086,-0.65,-1.257,-0.943,0.029,-0.436,-0.286,-0.989,-0.695,0.859,0.589,-0.099,-0.219,-0.532,-0.581,0.008193373
SUPT16H,-1.597,-1.585,-1.933,-0.988,0.128,-0.938,-1.324,-1.823,-0.708,0.108,-1.4,1.13,-0.148,-0.419,-0.454,-0.755,0.919,-1.338,0.008236803
NOP58,-1.612,-0.884,0.839,-0.351,0.133,-1.291,-1.391,-1.604,-1.363,-2.026,-0.424,-1.395,-0.456,-0.263,-0.629,-1.06,-1.657,-0.824,0.008270645
PABPC1,-0.667,0.2,-0.493,0.645,1.608,-1.607,-0.975,-0.839,0.404,-0.683,1.539,-0.711,-0.418,-1.063,-0.798,0.058,-1.745,0.219,0.008288029
PAXBP1,-1.44,-0.42,-0.663,-0.745,-1.894,-3.669,-2.05,-1.677,0.53,-2.689,-2.193,-1.014,-1.68,-0.54,-1.426,-2.196,-2.656,-1.102,0.008348543
ABCF1,-0.109,0.254,0.208,0.035,0.601,-2.389,-1.784,-1.874,-0.186,-1.8,-0.593,0.212,-0.085,-0.856,-1.108,-0.992,-2.464,1.027,0.008359957
DDX42,0.873,-0.028,0.322,0.713,-0.155,-1.441,-2.122,-0.776,0.744,-1.747,-0.93,0.733,0.08,-0.922,-1.948,-0.242,-1.837,1.294,0.008380109
XRCC5,-0.477,0.088,-0.12,-0.491,1.59,-0.455,-1.637,0.788,-0.35,-0.864,1.062,0.892,-0.582,-0.848,-0.814,0.486,-0.285,1.162,0.008452111
AP3D1,-1.465,-0.687,-1.572,-0.763,0.541,-1.998,-1.796,-2.481,-0.327,-0.892,-0.153,-0.399,-0.921,-1.015,-1.309,-1.071,-2.284,-0.692,0.008462136
CPSF1,0.226,-0.553,0.138,0.699,-0.841,-0.613,-1.467,-1.155,0.133,-1.639,-0.068,0.563,-0.411,0.099,-0.13,-0.821,-1.505,-0.165,0.008462178
MAP1B,1.257,0.447,1.743,1.117,1.236,-0.195,-0.555,0.419,0.803,-0.965,-0.512,1.026,-0.257,0.245,1.473,0.244,-1.16,0.544,0.00856836
H2AFZ,-1.014,-1.948,-0.753,-0.982,-0.742,1.471,1.773,0.114,-0.485,-0.893,-1.348,-0.679,-0.524,-0.694,-0.885,-1.417,-0.969,0.014,0.008628251
PDCD6,1.275,0.663,0.868,0.542,-0.361,-1.261,-1.413,0.405,1.264,-0.785,0.934,0.95,0.177,0.315,-1.503,-0.303,-2.189,-0.585,0.008631926
PFN1,-0.139,-0.282,0.372,-0.522,0.256,-3.034,-2.775,-0.911,-0.074,-2.362,0.221,0.499,-1.161,-1.273,-1.379,-0.345,-2.467,-0.382,0.008663721
FBL,-1.034,-0.89,0.92,-0.854,0.207,0.749,0.811,-0.119,-0.927,-0.199,0.238,-0.762,1.141,0.49,-0.263,0.079,0.829,-0.784,0.008703473
RPLP0,-1.056,-1.624,-0.857,-0.055,1.069,-1.036,-1.764,-1.495,0.397,-0.051,1.411,1.01,-0.624,-1.431,-1.107,0.042,-1.56,-1.813,0.008730339
YWHAB,0.991,0.174,0.804,-0.413,0.855,-0.538,-1.548,-0.114,0.651,-1.065,0.395,-0.452,0.623,-0.179,-0.356,-0.456,-0.375,0.151,0.008742829
NOP56,-0.911,0.128,1.305,0.144,0.485,0.106,-0.498,-1.466,-0.778,-1.279,0.147,-0.07,1.018,0.538,-0.736,-0.241,0.39,-1.185,0.008773278
SSRP1,-1.579,-0.653,-1.403,-1.156,0.035,-1.916,-1.701,-0.909,-0.478,0.279,0.124,1.459,-0.417,-1.311,-1.039,-0.911,0.25,-1.875,0.008838903
SKIV2L2,0.475,-0.73,-0.11,0.461,-1.938,-1.864,-1.92,-0.996,-0.248,-2.486,-2.216,-0.409,-1.006,-1.303,-2.147,-2.665,-3.136,0.361,0.008863783
EIF5,-0.1,-0.671,0.029,-0.041,-0.022,-1.524,-1.703,-1.393,-0.732,-1.908,0.725,-0.323,-0.689,-1.594,-2.077,-0.773,-0.906,0.085,0.00891339
QARS,1.407,0.734,0.947,0.663,-0.244,-1.007,-0.886,0.021,0.454,-0.422,-0.525,-0.423,0.146,-1.028,-0.05,0.107,-1.422,1.219,0.008947144
MSH6,-0.98,-0.579,0.321,-1.336,0.853,0.506,-0.128,0.371,-0.605,-0.916,-0.086,-0.607,1.145,1.885,0.973,-0.407,-0.285,-1.286,0.008947738
LENG8,-0.683,-0.213,-0.977,-1.515,0.888,-2.142,-2.274,-1.693,-0.501,0.093,0.046,1.018,-0.323,-1.385,-0.608,-1.023,-0.845,-1.408,0.008986472
ATPIF1,-1.273,-0.359,0.234,-1.272,-1.207,-1.996,-0.796,-0.252,-0.297,-1.655,0.703,-0.237,-1.36,-2.008,-1.4,-0.342,-0.373,-0.063,0.009040651
SF3B4,0.181,0.026,0.59,0.562,-1.356,-1.925,-2.159,0.033,-0.21,-2.777,-2.282,-1.185,-0.607,-1.244,-2.331,-1.368,-2.733,-0.208,0.009112896
PSMC4,-0.229,-0.465,0.887,0.093,-0.43,0.544,-0.396,-0.174,-0.027,-0.987,-0.157,-0.469,1.124,1.259,0.849,-1.474,0.639,-0.196,0.00912363
DDX46,-2.92,-0.347,-0.911,-0.18,-2.845,-3.079,-4.046,-2.906,-0.332,-2.378,-2.504,-0.045,-1.619,0.582,-1.546,-3.02,-2.591,-0.841,0.00916244
LUC7L,0.398,0.703,0.432,0.505,-0.425,-1.504,-1.776,-0.848,0.508,-1.647,-0.043,0.224,0.299,-0.956,0.384,-0.907,-1.717,-0.157,0.009186346
DNAJA1,-0.807,-0.309,-0.166,-1.165,0.451,0.871,0.129,-1.064,-0.575,-0.771,-0.711,-1.052,0.476,0.443,0.402,-0.551,0.11,-0.546,0.009199086
POLDIP2,1.364,0.159,0.923,1.031,0.399,-1.626,-0.999,-0.104,0.533,-0.627,-0.367,0.209,0.794,-0.75,-0.605,-1.132,-0.289,0.568,0.009218513
EIF3I,0.187,0.151,0.473,0.391,0.332,-0.949,-1.792,0.177,0.343,-0.824,-0.26,0.885,0.389,-1.683,-0.8,-0.557,-0.122,0.625,0.009238424
OAT,-0.639,0.202,0.394,-0.664,0.581,0.377,0.114,-0.038,-0.16,-1.374,-0.564,-0.624,1.073,0.647,-0.51,-1.008,0.013,0.826,0.00924466
GALK1,0.258,-0.799,0.764,1.171,-0.079,0.072,-1.182,-0.059,-0.033,0.097,-0.355,0.448,1.109,0.541,0.573,-0.807,-0.655,0.002,0.009245101
CALR,-0.019,-0.698,-0.442,-0.465,0.74,-2.56,-2.062,-0.44,-0.168,-1.907,-0.523,0.101,-0.565,-1.215,-0.6,-0.564,-1.975,-0.414,0.009246095
NOL10,0.282,0.679,1.415,0.816,0.915,-1.466,-1.634,0.349,0.151,-0.419,-0.048,0.427,0.385,-0.636,-0.614,0.035,-1.026,1.009,0.00937032
HIST2H3D,-1.244,-2.459,-0.206,-2.438,-1.674,0.796,0.726,0.18,-1.664,-1.096,-1.995,-0.334,-1.957,-1.1,1.209,-2.179,-0.223,-1.32,0.009385419
CBX1,0.184,0.524,-0.433,-0.565,-0.8,1.095,0.361,-1.445,-0.201,-1.603,-0.802,-0.556,-0.89,-1.273,-1.202,-0.371,-1.661,1.384,0.009416499
SERPINH1,-0.677,-1.936,-0.219,-0.968,-1.5,-0.58,-0.509,-0.784,-1.294,-1.085,-1.149,-0.803,0.575,-0.242,-0.793,-1.665,0.182,0.308,0.009444456
TMA16,0.211,0.27,0.116,0.755,-0.601,-1.837,-1.365,-0.654,-0.314,-1.368,-0.567,0.256,0.128,-0.706,-0.083,-1.002,-1.481,0.465,0.009446608
TUBB4A,-1.116,-0.184,0.076,-1.096,-0.056,-0.647,0.253,-0.28,-0.802,-1.178,0.054,0.792,0.357,0.677,-0.301,0.404,-0.003,-0.477,0.009468267
DLST,-0.084,-0.262,0.324,0.447,1.203,-1.383,-1.244,-0.954,0.732,-1.894,-1.07,0.401,-0.283,-1.299,-0.673,-1.231,-1.943,0.123,0.00948606
TIMM50,0.172,-0.514,0.916,0.971,-0.356,0.295,-0.575,-0.996,0.748,-1.137,-0.331,-0.029,0.522,0.659,0.66,-0.744,-0.628,0.898,0.009487392
PFKP,-0.505,-0.087,1.094,-0.844,-0.095,1.174,1.219,0.498,-0.871,-0.425,-0.43,-0.738,1.48,1.289,0.798,0.085,1.443,-0.472,0.009591912
TUBB2B,-0.602,-0.948,1.345,-0.682,-0.546,-0.084,0.152,-0.999,-0.971,-1.002,-0.5,0.445,1.343,1.567,-0.716,-1.252,-0.687,-0.256,0.009619218
PSMC3,-0.358,-0.729,0.472,0.674,0.053,-1.098,-2.102,-0.955,-0.324,-1.355,-0.862,0.729,0.679,0.12,-1.094,-1.052,-0.688,-1.269,0.009641424
TUBB2A,-0.652,-1.006,0.808,-0.703,-0.586,-0.138,-0.059,-1.043,-1.02,0.488,-0.565,-1.221,0.996,0.97,-0.437,-1.307,0.835,-0.337,0.009668857
YBX1,-0.249,-0.3,-0.568,-0.561,1.046,-1.553,-1.396,-0.956,-0.895,-0.22,1.077,0.287,-0.842,-0.613,-0.837,-0.153,-0.407,-1.043,0.009674208
IRS4,-0.445,-0.203,1.146,-0.034,-0.013,1.613,0.711,0.791,0.172,-0.38,-0.328,-0.401,1.825,1.742,1.465,-1.098,0.583,0.782,0.009704008
EIF3L,0.087,-0.288,-0.045,0.456,0.344,-0.744,-1.58,-0.128,-0.142,-1.088,-0.004,0.839,-0.031,-1.061,-0.805,-0.409,-1.495,0.34,0.009704572
NOLC1,-0.072,-0.352,-0.183,-1.78,0.334,-2.94,-1.614,-1.983,-0.779,-0.538,0.68,-0.642,-0.938,-1.429,-2.505,-1.049,-1.631,-0.609,0.009759134
IPO5,-0.409,-0.345,0.373,0.329,0.589,-1.433,-1.31,-0.429,0.44,-0.376,-0.297,1.352,-0.093,-0.669,-0.571,0.328,-0.993,-0.677,0.009774149
DYNLL1,-0.569,-1.209,-1.253,-1.556,-0.565,0.107,0.509,-2.315,-0.865,-1.089,-1.646,-2,-1.12,-1.445,-1.53,-1.849,-2.122,-1.504,0.009819179
DPY30,0.791,-0.167,0.179,0.019,-0.717,-1.037,-0.863,0.424,0.137,-0.953,-0.689,0.928,-0.176,-0.004,-0.481,-1.463,-1.172,0.939,0.009837191
PSMC1,-0.487,-0.615,0.776,-0.902,-0.109,0.219,-0.742,-0.748,-0.008,-1.243,0.173,-0.725,1.399,0.974,0.043,-1.18,0.436,-0.819,0.009909899
ECHS1,0.151,-0.064,0.664,-0.266,0.162,-1.633,-1.355,-0.084,1.019,-1.175,-0.349,-0.702,-0.324,-0.848,-1.376,-0.539,-1.275,-0.186,0.009990034
PFKL,-0.249,0.034,0.039,-0.842,-0.089,1.01,0.863,-0.458,-0.658,-0.624,-0.039,-1.043,1.371,1.137,0.367,-0.082,1.169,-0.785,0.010126948
PRMT5,0.707,0.261,0.62,0.489,-0.061,0.962,0.391,-0.435,-0.47,-1.177,-0.369,0.982,-0.302,-1.481,-0.272,0.486,-0.819,1.127,0.010151697
GOT2,-0.069,-0.815,0.207,0.155,0.883,-2.059,-1.84,-0.191,-0.152,-1.447,-0.301,0.412,-0.351,-1.226,-1.303,-1.066,-0.739,-0.212,0.010223161
GDI2,0.509,0.418,0.8,0.114,1.129,-1.844,-1.59,-1.017,0.678,-1.201,0.238,0.362,-0.58,-1.23,-0.801,-0.068,-1.24,0.819,0.010272317
XRCC6,-0.149,-0.718,0.173,-0.389,0.561,-1.249,-1.499,0.138,-0.259,-0.762,-0.494,0.817,-0.719,-1.614,-0.306,-0.465,-0.987,0.699,0.010299307
BOP1,-0.661,-0.842,0.6,0.656,0.112,-2.077,-2.06,-0.174,-0.449,-1.054,-0.834,0.496,-0.026,-0.86,-1.057,-0.824,-1.132,0.206,0.010309971
NASP,0.145,-0.094,-0.114,-0.517,-0.386,-1.828,-1.597,0.425,-0.857,-1.199,-0.398,0.981,-0.58,-1.472,-1.075,-1.12,-1.279,-0.764,0.010314938
RP9,0.07,-1.273,-0.26,0.291,-0.814,-1.652,0.251,-1.491,0.581,-1.618,-0.824,-0.244,0.632,0.713,-0.519,-1.57,-0.979,-0.416,0.010323713
FBN2,-3.413,-2.505,-3.522,-3.782,1.639,-2.513,-3.673,-4.003,0.001,-2.258,-2.096,-0.308,-2.176,-0.992,0.466,0.964,-3.98,-3.701,0.010425236
HNRNPAB,0.506,-0.125,-0.105,0.629,-0.707,-1.635,-1.794,-0.591,-0.266,-0.003,-0.42,-0.882,-0.603,-1.875,-0.269,-1.428,-1.904,0.707,0.010477753
RPL5,-0.637,-1.027,-0.75,-1.018,1.669,-0.493,-0.927,-0.022,-0.535,-0.631,-0.583,0.587,0.422,0.212,-0.276,-0.104,-1.466,-0.641,0.010533696
MCM7,-0.485,-0.881,0.952,-0.324,0.18,1.079,0.21,0.379,-0.912,-0.902,-0.404,-0.488,1.543,1.437,-0.085,-0.859,1.014,1.192,0.010562505
PSMD2,-0.463,-0.101,0.589,-0.078,-0.409,1.111,-0.864,-0.295,-0.139,-1.192,-0.39,-0.078,1.923,1.872,-0.011,-0.792,1.835,-0.774,0.010573078
TRIP13,-0.423,-0.544,-0.253,-0.472,-0.371,-0.408,-0.951,-0.424,-0.821,-1.153,-0.33,-0.649,1.071,0.93,-0.267,-0.333,1.187,-0.723,0.010598846
NUP93,-0.469,-0.593,0.988,-0.05,0.15,-0.057,-0.333,-0.477,-0.644,-1.201,-0.39,-1.02,1.817,1.316,0.695,0.179,0.35,-0.44,0.010645931
LARS,0.904,-0.381,0.57,0.698,0.008,-0.132,-0.708,-0.79,0.655,-1.749,-0.906,0.734,-0.661,-0.456,-0.826,-1.351,-0.727,1.006,0.010709788
P4HA1,-0.695,0.214,0.065,-0.274,-0.613,-1.334,-1.847,-0.499,0.03,-1.395,-0.581,-1.242,0.867,-0.952,-0.834,-1.367,-1.496,-0.993,0.010723323
DYNC1I2,-0.338,-0.126,-1.046,-0.969,0.718,-2.111,-1.852,-1.185,-1.344,-1.663,-0.851,-0.306,-0.449,-1.509,-1.277,-1.039,-1.753,-0.897,0.010735109
GPATCH8,-1.592,-1.523,-1.446,-0.988,0.816,-2.77,-2.275,-1.84,-1.456,-0.307,1.02,-0.941,-1.699,-1.985,-2.183,-0.568,-2.403,-1.56,0.010743478
U2AF1,-0.905,0.955,0.379,0.298,-0.82,-1.659,-2.038,-0.043,0.608,-0.573,1.787,-1.48,-0.479,-1.921,0.744,-0.375,-0.805,-0.205,0.010755853
CFAP20,-0.104,-0.213,-0.522,-0.851,-0.016,-1.723,-0.887,-1.399,0.567,-0.798,0.18,-0.475,-0.078,0.825,-1.42,-1.491,-1.632,-0.572,0.0107965
PGRMC1,-0.232,-0.253,-0.615,-0.537,-0.415,-1.508,-1.623,-0.512,-0.535,-1.214,-0.416,-1.066,-0.365,-0.626,-1.428,-1.165,1.572,-0.808,0.010808634
DNAJA2,-1.007,-1.366,0.693,-1.366,-0.928,0.334,0.344,0.106,-1.416,-1.414,-0.92,-1.572,0.72,0.541,0.456,-1.689,0.441,-0.37,0.010823136
PSMC2,-0.468,-0.61,0.422,-0.521,-0.415,-0.691,-1.61,-0.714,-0.657,-1.203,-0.42,0.184,1.667,0.926,-1.051,-1.154,0.847,-0.787,0.010827225
PRDX4,-0.395,-0.532,-0.493,0.408,-0.041,-0.622,-1.25,-0.206,-0.537,-1.141,-0.326,0.885,0.217,-0.985,-0.17,0.343,-0.479,-0.715,0.010855647
NAP1L1,-0.165,-0.542,0.239,-0.835,-0.03,-1.422,-1.573,-0.662,-0.296,-1.21,-0.348,0.614,-0.529,-0.434,0.185,-0.738,1.016,0.604,0.010890527
KPNA1,-0.452,-0.298,-0.106,0.264,0.409,0.887,0.402,-1.021,-0.858,0.516,-0.357,0.969,-0.564,-0.847,-1.356,0.016,0.418,0.015,0.01089847
NUDC,0.184,0.059,-0.301,-0.218,-0.403,-1.413,-1.578,-0.996,0.228,-1.175,-0.367,-0.684,-0.291,-0.477,-0.159,-0.809,-1.253,1.256,0.010903538
PSMC6,-0.495,-0.885,-0.641,0.326,-0.47,-0.48,-1.191,-0.772,-0.533,-1.266,-0.446,0.245,1.098,-0.344,0.004,-1.215,-0.886,-0.832,0.010912385
KPRP,-0.444,-0.343,0.715,-0.81,-0.386,-1.089,-1.568,-0.415,0.237,-1.151,1.153,-0.989,-0.301,0.17,-0.152,-1.125,-1.009,-0.739,0.010930494
SLU7,-0.865,-0.346,-0.75,-0.142,0.804,-2.206,-2.013,-1.437,-1.058,-1.259,0.447,0.066,-0.743,-1.888,-0.816,-0.596,-1.648,-1.144,0.011021444
HIST1H3D,-0.842,-1.248,-0.528,-1.262,-0.51,1.855,1.402,1.376,-1.284,-1.038,-0.79,0.584,-0.765,-0.184,1.809,-1.233,0.298,-0.078,0.011039904
HIST1H2AK,-0.548,-0.448,-0.416,-0.33,0.69,-2.133,-1.957,-1.381,-0.055,-0.956,1.794,0.691,-0.493,-1.131,0.044,-0.543,-0.978,-0.898,0.011063066
TUBG1,-1.039,-1.196,-0.389,-1.654,-1.231,0.02,-1.671,-0.421,-1.678,-2.014,-1.187,-1.871,0.773,0.578,-0.266,-1.952,-1.001,-1.016,0.011089635
SLC25A3,-0.382,-0.76,0.113,-0.729,-0.317,0.61,0.401,0.101,-0.805,-0.802,-0.294,-0.932,0.436,0.458,-0.041,-1.046,1.045,-0.696,0.011118987
PSMC5,-0.48,-0.855,0.164,-0.844,-0.414,-0.824,-1.361,-1.039,-0.853,-1.2,-0.408,-0.318,1.147,0.609,0.654,-0.807,-0.036,-0.778,0.011122216
SSB,-0.422,0.208,-0.712,-1.224,0.288,-2.219,-2.008,-0.349,0.415,-1.604,-0.769,-1.445,-0.726,-1.625,-1.789,-1.222,-1.686,1.01,0.011177796
NAMPT,-0.518,-0.861,-0.144,-0.92,0.133,-0.69,-0.367,-1.085,-0.888,-0.147,0.675,-1.088,0.869,0.104,0.019,-1.194,0.54,-0.833,0.011296374
TRAP1,-0.71,-0.037,0.1,-0.247,-0.64,-2.057,-1.856,-0.691,0.682,-1.434,-0.626,0.876,-0.352,-0.406,-1.296,-1.389,-1.517,0.598,0.011302852
PPP2R1A,-0.441,-0.816,-0.813,0.154,0.151,-1.554,-1.878,-1.272,-1.083,-1.428,-0.602,-0.683,-0.566,-1.692,-1.044,-1.357,0.873,0.084,0.011341745
SEC63,0.34,-0.394,0.662,-0.412,-0.602,-1.394,-0.793,0.194,0.164,-1.398,-0.59,0.443,-0.002,-0.889,-1.246,-0.735,-0.192,1.483,0.011350125
CTTN,-1.421,-1.331,-0.746,-1.759,-0.773,-2.784,-2.532,-1.654,-0.699,-1.808,-1.326,-0.762,-0.752,-2.409,-1.731,-1.495,-2.214,0.711,0.011368383
TPR,0.746,-0.113,0.401,0.008,-1.636,-2.377,-3.177,-1.82,0.366,-2.443,-1.938,0.108,-0.675,-1.865,-0.284,-2.127,-2.845,-0.124,0.01139411
MARS,-0.955,-1.326,-0.183,-0.99,-0.881,-0.555,-1.352,-1.185,-1.361,-1.642,-0.849,-0.957,0.465,0.061,-1.089,-1.589,0.671,-0.493,0.0114087
GPATCH1,-0.221,0.059,0.448,1.07,-0.028,-1.316,-1.57,-1.005,0.766,-1.167,0.24,1.068,0.322,1.233,0.418,-0.034,-1.252,-0.722,0.011421811
MCM2,-0.69,-0.404,-0.524,-0.09,0.184,-2.071,-1.816,-1.24,-0.683,-0.838,0.015,-0.027,-0.342,-1.44,-1.267,-0.56,-1.483,1.327,0.011477931
FLNA,0.381,0.723,-0.449,-0.054,1.504,-1.836,-1.999,-1.092,-0.993,-1.855,-1.027,1.88,-0.136,-1.028,-1.457,-0.025,-1.669,0.589,0.011489856
RBM3,0.406,-0.587,0.068,-0.808,-0.379,-1.855,-1.583,-0.093,-0.347,-0.609,-0.358,-1.015,-0.138,-1.231,-1.338,-0.802,-1.267,0.995,0.011542747
WDR61,-0.646,-0.994,-0.751,-0.977,-0.231,-1.649,-1.784,-0.885,-1.019,-0.777,-0.542,-0.618,0.016,-0.196,-1.533,-0.724,1.046,-0.924,0.011576389
HNRNPA3,0.467,-0.682,-0.083,-0.232,-0.292,-2.292,-2.072,-0.577,-0.607,-1.34,-0.842,-0.572,-1.06,-1.71,-1.103,-0.549,-1.738,0.743,0.011592836
NDUFS2,-0.43,-0.81,-0.089,-0.815,-0.372,-0.172,-1.335,-0.236,-0.86,-1.161,-0.34,-0.666,0.427,0.332,-0.065,-0.772,0.876,0.167,0.011608396
CSE1L,-1.042,-1.151,-1.126,-1.062,-0.64,-1.242,-1.31,-1.262,-1.434,-1.773,-0.965,-1.293,-1.144,-1.185,-1.948,-1.131,1.688,-1.315,0.011620027
NSRP1,0.13,-0.378,-0.548,1.037,0.532,-1.821,-1.566,-1.024,-0.211,-1.182,0.216,-0.444,-0.306,-0.741,-1.356,-0.197,-1.263,-0.731,0.011633798
MMS19,-0.458,-0.6,0.026,-0.833,-0.415,0.136,-0.118,-0.728,-0.868,-1.188,-0.359,-1.041,0.742,0.886,-0.067,-1.157,0.916,-0.767,0.011683276
DSG1,-0.059,-1.03,0.128,0.397,-0.598,-2.061,-1.781,-1.216,0.271,-1.381,1.368,-1.214,-0.534,-0.935,-0.626,-1.334,-1.465,-0.605,0.011698328
EPRS,1.81,-1.249,-0.996,-0.913,-0.795,-1.498,-2.017,-1.423,-1.252,-1.588,-0.768,-1.429,-0.368,-1.267,-0.839,-0.222,-1.227,0.438,0.011833321
XPO1,-0.48,-0.807,-0.576,-0.82,-0.422,-0.654,-1.376,-1.069,-0.878,-1.226,-0.384,-1.055,-0.333,-0.149,-0.316,-1.155,1.018,-0.77,0.011857747
WDR33,0.851,-0.161,0.391,0.028,-0.321,-1.033,-1.508,-0.609,0.259,-1.096,-0.252,-0.406,-0.511,0.138,-0.565,-1.039,-1.193,0.346,0.011882561
H3F3A,-0.47,-0.835,-0.573,-0.83,-0.4,0.088,-0.338,0.387,-0.866,-1.206,-0.369,-0.942,-0.551,-0.806,0.836,-1.115,-0.186,-0.169,0.011888191
TACO1,0.286,-0.217,0.606,1.024,-0.362,-1.63,-1.596,-0.085,-0.335,-1.174,-0.332,-0.682,-0.573,-1.025,-0.157,-0.785,-1.255,1.248,0.011938721
SLC25A5,-0.767,-1.131,0.894,-1.106,-0.696,-1.243,-1.908,-0.989,-1.149,-1.486,-0.677,-1.127,1.068,0.244,-0.913,-1.443,0.001,-0.93,0.011957804
HBP1,-0.461,-0.855,0.166,-0.816,-0.382,-0.845,-1.63,0.757,-0.836,-1.175,-0.393,-1.024,0.784,0.545,-0.613,0.931,0.272,0.164,0.012051621
PRMT1,0.181,-0.817,0.548,0.884,-0.07,-1.148,-1.624,-1.032,-0.061,-0.412,-0.371,0.673,-0.565,-1.485,-0.808,-0.812,-1.248,0.377,0.012055902
ACTL6A,-0.582,-0.212,-0.183,-0.862,-0.766,-2.007,-1.728,-1.073,-0.879,0.919,-0.733,-0.081,-0.923,-1.086,-1.169,-1.489,-1.648,-0.546,0.012075378
TUBB3,-0.41,-0.776,0.217,-0.355,-0.332,-0.344,-0.19,-0.985,-0.637,-1.007,0.184,-0.946,-0.524,-0.577,-0.981,-0.743,1.149,-0.51,0.01213467
HSPA2,-0.471,-0.88,0.066,1.004,-0.456,-1.1,-1.667,-0.392,-0.542,-0.875,-0.417,-0.308,0.119,-1.242,0.997,-0.915,-1.335,0.369,0.012176687
P3H1,0.45,0.727,0.138,-0.248,-0.607,-1.826,-1.816,-0.652,-0.854,-1.382,-0.59,-0.651,-0.53,-1.678,-0.132,-1.343,-1.47,0.259,0.012195684
COPB1,-0.47,-0.836,-0.582,-0.845,-0.421,-0.927,-0.643,0.035,-0.88,-1.22,-0.386,-1.05,-0.323,0.373,0.035,-1.159,1.32,-0.797,0.012264715
CAND1,-0.502,-0.873,-0.592,-0.848,-0.395,-0.228,-1.636,-0.28,-0.901,-1.197,-0.385,-1.068,0.287,0.296,-1.07,-1.151,1.431,-0.792,0.012297051
XPOT,-0.466,-0.827,-0.592,-0.846,-0.395,-0.26,-1.349,-1.034,-0.882,-1.203,-0.361,-1.051,0.438,0.782,0.281,-1.126,0.343,-0.765,0.012350509
PPAN-P2RY11,-0.862,0.14,-0.186,0.66,-0.806,-2.23,-1.373,-1.434,-0.895,-1.596,-0.162,-1.096,-0.983,-1.878,-1.793,-0.961,-1.681,-0.197,0.012356136
SON,-0.75,-0.678,-0.86,-0.333,0.818,-2.154,-1.92,-1.351,-0.524,-1.503,0.919,-0.991,-0.628,-1.326,0.496,-1.446,-1.594,-1.056,0.012367997
YLPM1,-0.026,-0.561,-0.473,-0.06,-0.211,-1.986,-1.744,-0.857,-1.022,-1.32,0.04,-1.168,-0.74,-1.635,-1.522,-1.289,-1.458,0.732,0.012401507
RBBP4,0.884,-0.795,1.595,-0.822,0.148,1.054,0.638,-1.029,1.023,-1.179,0.553,1.142,-0.528,-1.46,-1.357,-1.109,-0.455,0.386,0.012403107
KPNA6,-0.486,-0.688,-0.583,-0.849,-0.414,1.652,0.773,-1.055,-0.883,1.559,-0.394,-1.036,-0.591,-1.49,-1.403,-0.497,0.301,-0.796,0.012425628
HSD17B12,-0.466,-0.825,-0.582,-0.836,-0.414,-0.508,-1.336,-1.025,-0.843,-1.23,-0.37,-1.019,-0.116,-0.876,-1.064,-1.142,0.974,-0.773,0.012441149
SEC61A1,-0.453,-0.805,-0.565,-0.815,-0.398,0.702,-0.401,-0.699,-0.836,-0.855,-0.397,-1.049,0.714,0.338,-1.38,-1.121,0.184,-0.405,0.012444826
LSG1,-0.612,0.283,0.557,0.621,-0.562,-2.002,-1.514,0.376,-0.331,-0.773,-0.536,-1.171,-0.738,-1.39,-1.559,-0.725,-1.44,1.474,0.012459747
PSMD1,-0.459,-0.851,-0.575,-0.51,-0.405,-0.621,-1.6,-1.06,-0.851,-1.191,-0.373,-0.696,0.89,0.703,-1.38,-0.799,0.807,-0.765,0.012500165
TDP1,-0.416,-0.284,0.494,0.789,-0.628,-2.038,-1.577,-0.911,-0.68,-1.434,-0.617,-0.685,-0.54,-1.684,-1.272,-0.756,-1.49,0.136,0.012504344
DSP,-1.568,-0.989,-0.563,-1.849,-1.733,-3.172,-2.949,-2.365,-0.895,-2.515,1.562,-2.366,-1.47,-0.957,-0.023,-1.922,-2.61,-0.915,0.012559103
TAF8,1.294,1.236,-0.605,0.129,-0.438,-1.868,-1.628,-1.043,-0.119,-1.25,-0.398,-0.24,-0.338,-1.46,-1.426,-1.199,-1.3,1.661,0.012573311
RSRC2,-1.264,-0.374,-1.352,-0.556,-1.164,-2.02,-2.396,-1.482,-0.59,-1.959,-1.148,-0.901,-1.374,0.747,-1.84,-1.907,-2.089,-0.987,0.012596917
HADHB,-0.426,-0.791,-0.537,-0.806,-0.378,-1.59,-1.573,-1.001,-0.597,-1.159,-0.337,-1.028,-0.552,-0.979,-1.355,-1.114,1.49,-0.73,0.012599894
VAT1,-0.672,-0.804,-0.53,-0.692,-0.607,-2.024,-1.563,-0.938,-0.855,-1.393,-0.577,-1.226,-0.775,-1.434,-1.587,-1.02,0.903,-0.971,0.012606551
PELO,-0.272,-1.218,-0.724,-0.158,-0.222,-2.038,-1.992,-1.444,-0.246,-1.597,0.306,-0.213,-0.376,-0.803,-1.191,-1.554,-1.675,0.757,0.012610839
CCDC47,-0.465,-0.847,-0.576,-0.853,-0.415,-0.368,-1.002,-1.065,-0.877,-1.223,-0.376,-1.047,0.145,-0.118,-0.82,-1.154,1.013,-0.447,0.012647275
DARS,1.219,-0.825,-0.559,-0.071,-0.397,-1.34,-1.017,-0.237,-0.862,-1.175,-0.36,-1.044,-0.338,-0.741,-1.38,-0.557,-0.837,0.305,0.012690912
HADHA,-0.504,-0.885,-0.604,-0.866,-0.438,-1.108,-1.636,-0.749,-0.899,-1.243,-0.41,-1.064,-0.597,0.048,-1.41,-1.162,1.433,-0.78,0.012704473
SRPK1,-0.503,-0.869,0,-0.877,-0.448,-1.874,-1.397,-0.741,-0.352,-0.272,-0.426,0.025,-0.356,-1.507,-0.823,-0.845,-0.71,1.58,0.01271193
BBX,-0.473,-0.862,-0.588,-0.85,-0.405,-0.877,-1.64,1.3,-0.866,-1.231,-0.369,-1.044,-0.327,0.124,-1.391,-1.166,-0.045,-0.796,0.012754565
IPO4,-0.507,-0.848,0.042,-0.843,-0.45,-0.999,-1.616,-1.06,-0.861,-1.23,-0.421,-1.072,-0.339,0.178,-1.425,-1.178,0.803,-0.789,0.01276402
SUPT6H,-0.451,-0.804,-0.547,-0.8,0.201,-1.807,-1.578,-1.023,-0.837,-1.173,-0.021,0.394,-0.539,-0.822,-1.372,-0.169,-1.261,0.91,0.012803351
S100A7,-0.034,-0.833,-0.584,-0.505,-0.415,-1.847,-0.582,-1.058,1.386,-1.208,-0.405,-0.718,-0.578,0.72,-1.383,-1.174,-1.269,-0.803,0.012807588
MAGOH,-0.276,-0.889,-0.607,0.336,-0.448,-1.68,-1.647,-1.062,-0.72,-1.22,-0.405,-1.092,-0.642,-1.547,-0.333,-0.598,-1.338,1.361,0.012813604
TMX1,-0.438,-0.198,-0.534,-0.792,-0.369,-1.816,-1.345,-0.081,-0.821,-1.166,-0.349,-0.985,-0.53,-1.426,-1.357,-0.778,0.894,-0.745,0.012863455
PAICS,-0.515,-0.887,-0.621,-0.275,0.304,0.714,0.888,-0.499,-0.706,-1.241,-0.428,-1.083,-0.621,-1.537,-1.105,-1.179,-1.328,-0.827,0.012912337
MTA3,-0.44,-0.791,-0.528,-0.797,-0.342,-0.893,1.537,-1,-0.809,-1.155,-0.324,1.573,-0.559,-1.461,-1.324,-1.107,-1.244,-0.711,0.012931376
ATP5C1,-0.545,-0.876,-0.358,-0.885,-0.427,-0.431,-1.651,-0.747,-0.905,-1.213,-0.439,-1.091,1.015,0.224,-1.099,-1.188,-1.325,-0.785,0.01300445
JUP,-0.824,-0.794,0.027,-1.442,-0.997,-2.067,-2.215,-1.645,-1.243,-1.801,1.433,-1.612,-0.953,-0.602,0.032,-1.749,-1.879,-1.365,0.01317421
SDE2,-0.226,-0.995,-0.5,-0.695,0.187,-2.043,-1.783,-1.214,-1.06,-1.372,-0.549,-1.194,-0.75,-1.428,-1.553,-1.311,-1.471,0.732,0.013226585
SDHA,-0.432,0.876,-0.295,-0.474,-0.352,-1.81,-1.573,-0.429,-0.828,-1.165,-0.344,-0.997,-0.286,-0.592,-0.608,-0.786,0.884,0.215,0.013231077
COPA,-0.505,-0.858,-0.574,-0.88,-0.446,-1.24,-1.644,-1.082,-0.859,-1.256,-0.415,-1.079,-0.6,-0.27,-0.839,-1.184,0.847,-0.795,0.013232193
SFSWAP,-0.463,-0.209,-0.561,-0.84,-0.411,-1.464,-1.59,-1.02,0.188,-1.18,-0.395,-0.122,-0.557,0.778,-1.407,-1.161,-1.253,-0.744,0.013336276
DHX38,-0.682,-1.019,-0.178,-1.026,-0.617,-2.066,-1.798,-1.253,-1.073,-1.394,-0.582,-0.179,-0.771,-1.683,-1.587,-0.995,-1.458,1.335,0.013380092
PPP1R10,-0.491,-0.845,-0.556,-0.862,0.172,-1.829,-1.628,-1.069,-0.856,-0.857,1.641,-1.059,-0.591,-1.461,-1.412,-0.806,-0.839,-0.778,0.013421984
HMG20B,-0.478,-0.829,-0.557,-0.846,-0.428,1.713,1.513,-1.065,-0.82,-1.211,-0.397,-1.025,-0.592,-1.482,-1.402,-1.139,-1.271,-0.765,0.013447172
CCDC71L,-0.433,-0.789,-0.51,-0.823,-0.368,1.27,1.218,-0.981,-0.84,-1.168,-0.343,-0.991,-0.56,-1.434,-1.363,-1.107,-1.239,-0.737,0.013521118
PCGF6,-0.459,-0.777,-0.51,-0.802,-0.329,1.68,1.641,-0.983,-0.821,-1.146,-0.33,-0.983,-0.532,-1.445,-1.333,-1.117,-1.252,-0.72,0.013534457
CTBP2,-0.477,-0.821,-0.568,-0.814,-0.398,1.942,1.322,-1.047,-0.806,-1.212,-0.361,-1.031,-0.57,-1.47,-1.372,-1.141,-1.254,-0.752,0.013537241
PFDN5,-0.436,-0.815,-0.552,-0.791,-0.389,0.966,0.379,-1.048,-0.831,-1.187,-0.351,-1.012,-0.536,-1.471,-1.348,-1.112,-1.255,-0.746,0.01358321
PFDN6,-0.445,-0.787,-0.102,-0.81,-0.417,-0.408,-1.592,1.181,-0.844,-1.191,-0.353,-1.021,-0.536,-1.477,-1.39,-1.151,-1.241,-0.756,0.013645513
VBP1,-0.473,-0.804,-0.556,-0.834,-0.055,1.379,0.476,-0.992,-0.831,-1.162,-0.36,-1.006,-0.568,-1.447,-1.376,-1.107,-1.252,0.007,0.013698423
ZNF296,-0.462,-0.839,-0.59,-0.848,-0.413,1.414,1.429,-1.041,-0.873,-1.207,-0.402,-1.03,-0.595,-1.486,-1.394,-1.154,-1.288,-0.768,0.01370806
CCDC71,-0.435,-0.803,-0.548,-0.808,-0.365,1.68,1.338,-0.984,-0.847,-1.168,-0.328,-0.42,-0.552,-1.473,-1.333,-1.092,-1.26,-0.709,0.013738301
CDYL2,-0.495,-0.876,-0.611,-0.869,-0.463,1.371,1.581,-1.066,-0.917,-1.274,-0.41,-1.085,-0.628,-1.542,-1.428,-1.154,-1.326,-0.811,0.013754655
L3MBTL2,-0.477,-0.811,-0.546,-0.819,-0.385,1.455,1.779,-1.017,-0.866,-1.172,-0.362,-0.988,-0.562,-1.481,-1.385,-1.124,-1.256,-0.71,0.01381105
BEND7,-0.52,-0.852,-0.622,-0.889,-0.468,0.665,0.779,-1.093,-0.895,-1.248,-0.424,0.464,-0.609,-1.527,-1.434,-1.182,-1.298,-0.835,0.013919019
BEND7,-0.516,-0.854,-0.609,-0.889,-0.438,0.675,0.419,-1.083,-0.904,-1.234,-0.42,1.095,-0.629,-1.529,-1.417,-1.17,-1.313,-0.798,0.013932666
PHF21A,-0.48,-0.822,-0.553,-0.81,-0.364,0.527,0.859,-0.999,-0.865,-1.157,-0.335,-0.983,-0.553,-1.463,-1.339,-1.124,-1.298,-0.742,0.013946644
LSM2,-0.415,-0.766,-0.511,-0.784,0.864,-1.396,-1.559,-0.987,-0.446,-1.154,-0.331,-0.991,-0.516,-1.155,-1.325,-1.088,-1.235,-0.381,0.013957045
LRRC59,-0.438,-0.791,-0.543,-0.452,-0.371,-1.819,-1.58,-1.014,-0.853,-1.157,-0.338,-1.001,-0.546,-1.459,-1.028,-1.1,0.905,0.172,0.014009477
CCT8,-0.607,-0.603,-0.696,-0.29,0.55,0.953,1.66,-1.165,-0.969,-1.331,-0.495,0.138,-0.464,-1.346,-0.823,-1.241,-1.167,-0.682,0.014061521
ZNF592,-0.481,-0.861,-0.611,-0.88,-0.412,1.94,1.338,-1.05,-0.883,-1.227,-0.418,-1.064,-0.596,-1.501,-1.411,-1.194,-1.294,-0.805,0.014115663
TRA2B,-0.444,-0.836,-0.584,-0.825,0.426,-1.808,-1.582,-1.04,-0.821,-1.204,1.137,-0.691,-0.128,-1.47,-1.387,-1.112,-1.286,-0.763,0.014135506
BAHD1,-0.482,-0.822,-0.553,-0.844,-0.402,0.958,1.159,-1.031,-0.85,-1.203,-0.381,-1.012,-0.574,-1.488,-1.38,-1.111,-1.299,-0.761,0.014157565
HAT1,-0.469,-0.813,-0.573,-0.817,-0.389,-1.863,-1.615,-1.041,-0.861,-0.4,-0.048,1.876,-0.564,-0.998,-1.382,-1.132,-1.294,-0.776,0.014158195
RPN1,-0.562,-0.885,-0.645,-0.91,-0.486,-0.841,-1.664,-1.107,-0.922,-1.268,-0.459,-1.104,-0.634,-0.917,-1.456,-1.216,1.407,-0.828,0.014168337
CWC27,1.189,-0.376,-0.546,-0.824,-0.067,-1.802,-1.594,-0.694,0.17,-1.155,-0.355,-0.992,-0.115,-1.457,-1.362,-1.12,-1.264,0.898,0.014171202
GRSF1,-0.511,-0.853,-0.119,-0.82,-0.395,-1.83,-1.63,-1.013,-0.858,-1.191,0.181,-1.023,1.189,-1.507,-1.367,-1.121,-1.285,0.931,0.014254845
SFMBT1,-0.467,-0.822,-0.541,-0.802,-0.378,1.198,-0.989,-1.02,-0.817,-1.168,-0.355,-1.011,-0.547,-1.461,-1.357,-1.085,-1.267,-0.714,0.0142765
ZNF423,-0.452,-0.805,-0.537,-0.784,-0.36,1.318,0.808,-1.02,-0.839,-1.161,-0.358,-1.003,-0.519,-1.447,-1.343,-1.117,-1.25,-0.743,0.014281596
MGA,-0.548,-0.908,-0.633,-0.908,-0.469,1.907,1.286,-1.1,-0.894,-1.277,-0.435,-1.108,-0.641,-1.526,-1.44,-1.216,-1.341,-0.829,0.014296857
LAMB2,-0.451,-0.828,-0.567,-0.832,-0.411,1.134,1.631,-1.056,-0.851,-1.193,-0.397,-1.023,-0.58,-1.475,0.485,-1.132,-1.253,-0.764,0.014300653
ZMYND8,-0.468,-0.858,-0.561,-0.854,-0.413,1.269,0.759,-1.049,-0.85,-1.193,-0.425,-0.426,-0.576,-1.507,-1.389,-1.145,-1.269,-0.777,0.01432638
LRPPRC,-0.471,-0.817,-0.3,-0.822,-0.372,-1.813,-1.586,-0.683,-0.836,-1.189,-0.349,-1.001,-0.562,-1.449,-1.037,-1.124,1.889,-0.75,0.014335336
RTN4,-0.53,-0.885,-0.363,-0.874,-0.436,-1.896,-1.635,-1.058,-0.899,-1.225,-0.397,-1.092,-0.595,-1.497,-1.416,-1.182,1.118,-0.781,0.014345432
ERCC6,-0.539,-0.937,-0.628,-0.902,-0.444,0.355,-1.03,-1.111,-0.924,-1.256,-0.436,0.918,-0.666,-1.556,-1.457,-1.22,-1.361,-0.844,0.014394981
MCM6,-0.443,-0.789,-0.523,-0.817,-0.405,-1.814,-1.58,-1.032,-0.615,-1.171,-0.362,-0.67,-0.578,-1.436,-1.028,-1.131,-1.262,1.248,0.014405046
ZNF608,-0.432,-0.777,-0.526,-0.803,-0.387,0.78,-0.325,-1.001,-0.784,-1.172,-0.347,-1.009,-0.544,-1.422,-1.392,-1.111,-1.235,-0.756,0.01449537
MCM4,-0.84,-0.444,-0.505,-1.247,-0.801,-2.231,-1.994,-1.447,-0.586,-1.591,-0.787,-1.43,-0.99,-1.874,-1.797,-1.53,-1.426,0.712,0.0145573
ASF1A,-0.461,-0.828,-0.558,-0.829,-0.392,-1.839,-1.596,-1.054,-0.821,-1.192,-0.36,1.603,-0.556,-1.468,-1.387,-1.143,-1.286,-0.768,0.01463682
S100A8,-0.513,-0.875,-0.625,-0.898,-0.478,-1.897,-1.431,-1.109,0.008,-1.271,-0.429,-1.09,-0.639,1.237,-1.439,-1.206,-1.345,-0.817,0.014646587
COMT,-0.407,-0.796,-0.535,-0.764,-0.328,-1.779,-1.571,-0.963,-0.805,-1.15,-0.308,-0.967,-0.527,-1.173,-1.316,-1.099,0.982,-0.715,0.014655358
CYB5R3,-0.527,-0.879,-0.625,-0.093,-0.486,-1.91,-1.652,-1.112,-0.901,-1.252,-0.453,-1.099,-0.636,-1.549,-1.441,-1.191,1.195,-0.839,0.01468156
LMAN2,-0.447,-0.793,-0.517,-0.815,-0.367,-1.79,-1.557,-0.994,-0.82,-1.172,-0.318,-1.006,-0.544,-1.449,-1.371,-1.098,1.245,-0.725,0.014715218
SAP18,1.1,-0.771,-0.506,-0.791,-0.341,-1.766,-1.536,-0.967,-0.798,-1.13,-0.312,-0.952,-0.543,-1.411,-1.312,-1.068,-1.202,-0.701,0.014726424
PHF1,-0.463,-0.808,-0.553,-0.837,-0.406,-1.831,-1.616,-1.02,-0.817,-1.184,-0.36,1.568,-0.575,-1.486,-1.365,-1.129,-1.282,-0.767,0.014796195
MTF2,-0.398,-0.756,-0.488,-0.739,-0.323,-1.762,-1.518,-0.945,-0.773,-1.096,-0.308,1.77,-0.491,-1.382,-1.319,-1.044,-1.211,-0.659,0.014893147
TESMIN,-0.487,-0.846,-0.559,-0.811,-0.391,-1.844,-1.6,-1.025,-0.879,-1.191,-0.358,1.303,-0.58,-1.469,-1.385,-1.131,-1.296,-0.765,0.014946654
BAG2,-0.483,-0.845,-0.597,-0.842,-0.42,-1.864,-1.652,-1.035,-0.881,-1.186,-0.381,-1.057,-0.606,-0.921,1.309,-1.151,-1.311,-0.773,0.014988527
TRMT1,-0.454,-0.82,-0.559,-0.821,-0.358,-1.836,-1.591,-1.016,-0.849,1.88,-0.358,-1.003,-0.573,-1.441,-1.383,-1.106,-1.283,-0.738,0.01505351
APMAP,-0.461,-0.863,-0.567,-0.787,-0.37,-1.625,-1.62,-1.009,-0.864,-1.169,-0.36,-1.016,-0.59,-1.224,-1.336,-1.123,1.112,-0.728,0.015088893
HMOX2,-0.527,-0.883,-0.628,-0.858,-0.476,-1.884,-1.657,-1.065,-0.92,-1.232,-0.415,-1.085,-0.631,-1.536,-1.404,-1.184,0.886,-0.82,0.015097491
JARID2,-0.542,-0.922,-0.644,-0.914,-0.49,-1.895,-1.679,-1.113,-0.943,-1.295,-0.47,1.487,-0.667,-1.602,-1.469,-1.233,-1.358,-0.869,0.015103606
GLYR1,-0.474,1.744,-0.545,-0.797,-0.379,-1.841,-1.596,-1.005,-0.875,-1.197,-0.352,0.285,-0.557,-1.468,-1.385,-1.127,-1.238,-0.744,0.01512386
ZNF704,-0.438,-0.758,-0.525,-0.787,-0.349,-1.804,-1.568,-0.999,-0.833,-1.154,-0.332,-0.968,-0.307,1.122,-1.325,-1.095,-1.212,-0.718,0.01522637
AIMP1,1.051,-0.819,-0.534,-0.489,-0.37,-1.787,-1.594,-1.025,-0.805,-0.838,-0.334,-1.01,-0.562,-1.478,-0.562,-0.796,-1.275,0.367,0.015293521
SERPINB3,-0.515,-0.865,-0.14,-0.826,-0.415,-1.818,-1.606,-1.077,0.817,-1.218,-0.387,-1.058,-0.597,-0.389,-1.383,-1.188,-1.307,-0.791,0.015307893
ARID4A,-0.469,0.55,-0.579,-0.853,-0.373,0.767,-1.592,-1.044,-0.873,-1.2,-0.366,-1.035,-0.588,-0.325,-1.382,-1.123,-1.284,-0.764,0.015336175
ARG1,-0.671,-1.045,-0.53,-0.235,-0.63,-2.03,-1.819,-1.263,-0.415,-1.413,1.01,-1.254,-0.325,-1.691,-1.595,-1.36,-1.488,-0.977,0.015341377
LAMC1,-0.494,-0.863,-0.562,-0.917,0.795,-1.848,-1.641,-1.105,0.399,-1.28,-0.448,-1.072,-0.587,-1.497,1.591,-1.223,-1.305,-0.851,0.015375322
RPN2,-0.501,-0.833,-0.588,-0.851,-0.432,-1.874,-1.609,-1.064,-0.9,-1.244,-0.406,-1.069,-0.616,-1.281,-1.428,-1.196,0.849,-0.787,0.015422758
EIF4A2,-0.56,-0.908,-0.651,-0.583,1.248,-1.909,-1.683,0.073,-0.946,-1.253,-0.422,-0.491,-0.621,-1.549,-1.31,-0.194,-1.355,0.11,0.015438461
FBN1,-2.507,-2.879,-2.604,-2.848,0.847,-3.882,-3.646,-3.078,-2.509,-3.239,-2.41,-2.199,-2.624,-2.314,-1.14,-0.249,-3.344,-2.803,0.015459357
LCOR,-0.438,-0.834,-0.565,-0.801,-0.373,-1.809,-1.6,-1.024,-0.814,-1.167,-0.338,1.006,-0.564,-1.468,-1.37,-1.13,-1.285,-0.75,0.015488224
WWP2,-0.272,-0.855,-0.612,-0.868,-0.457,-1.858,-1.633,-1.061,-0.895,-1.218,-0.415,-1.068,-0.61,-1.514,-1.408,-0.847,-1.291,0.899,0.015496909
LAMB1,-0.462,-0.821,-0.586,-0.825,-0.063,-1.873,-1.608,-1.038,0.111,-1.217,-0.373,-1.034,-0.581,-1.463,1.212,-1.11,-1.297,-0.733,0.015510158
IARS1,1.063,-0.416,-0.583,-0.818,-0.404,-1.649,-1.61,-1.025,-0.879,-0.64,-0.374,-1.011,-0.578,-1.502,-1.377,-0.365,-1.275,-0.17,0.015520441
BRCA2,-0.431,-0.826,-0.555,-0.785,-0.341,-1.825,-1.59,-0.968,-0.828,1.212,-0.319,-0.966,-0.562,-1.453,-1.347,-1.084,-1.266,-0.716,0.015551506
TRRAP,-0.463,-0.842,-0.595,-0.846,-0.421,-1.837,-1.618,-1.075,-0.854,1.507,-0.408,-1.043,-0.569,-1.491,-1.443,-1.174,-1.288,-0.791,0.015555534
MAP4K4,-0.46,-0.53,-0.55,-0.79,-0.355,-1.846,-1.609,-1.003,-0.794,-1.173,-0.344,-0.976,-0.565,-0.523,-0.962,-1.099,-1.274,1.092,0.015590399
