NCBI_Gene,ARID4A_Zstatistic,ARID4B_Zstatistic,BRMS1_Zstatistic,BRMS1L_Zstatistic,GATAD1_Zstatistic,HDAC1_Zstatistic,HDAC2_Zstatistic,ING1_Zstatistic,ING2_Zstatistic,MORF4L1_Zstatistic,PHF12_Zstatistic,RBBP4_Zstatistic,SAP30_Zstatistic,SAP30L_Zstatistic,SAP130_Zstatistic,SIN3A_Zstatistic,SIN3B_2_Zstatistic,SUDS3_Zstatistic
RBBP7,8.5384,20.4187,11.3328,7.8316,3.1506,7.8734,13.9716,15.3403,7.9579,3.8518,4.8793,11.356,19.1492,12.1268,8.46,13.4474,10.3202,9.7605
HDAC1,10.8619,13.0865,7.849,8.5628,3.87,8.7618,12.5944,18.6721,9.3624,1.4633,5.2926,12.6362,9.8446,12.2916,11.712,11.8582,14.5677,8.2372
SIN3B,4.5686,8.33,4.1606,10.4358,6.71,13.2143,9.9855,15.9478,7.5304,4.7389,16.714,3.3428,5.4561,7.4138,5.4529,3.6648,14.9484,11.3742
HDAC2,9.238,8.376,8.174,9.9237,3.9447,12.8733,11.867,17.8644,8.2436,0.0393,4.8093,14.2046,10.8795,15.571,12.0949,31.9075,19.2411,9.8933
RBBP4,4.4629,7.3145,7.8907,5.8294,1.6428,9.1778,9.2467,12.6106,6.5049,3.9519,0.8891,11.7773,18.9727,10.3135,8.539,12.4484,11.6013,6.5231
SIN3A,15.7177,11.1518,11.3816,13.973,-0.5699,6.7707,7.9431,7.9844,8.4284,-1.5311,-0.5494,8.1155,10.8058,10.4104,8.6289,12.021,6.1065,13.8513
SUDS3,10.4274,16.6288,13.4686,16.1093,-0.4295,12.0131,4.9572,14.4663,11.409,-1.5232,-0.4319,1.1553,17.2597,15.6576,10.3024,19.8993,8.1334,12.296
BRMS1L,12.081,16.6219,-0.812,15.8359,-0.5552,12.8177,5.9916,12.3647,16.3667,-1.6789,-0.4943,2.44,15.0308,9.9513,11.1178,13.042,4.1429,11.5397
RBBP7,7.1012,7.4679,16.7504,7.0145,3.4249,7.1078,-2.2131,-1.384,10.9021,3.5464,4.2729,8.2444,12.9047,11.3959,-1.852,11.9781,10.2025,5.5696
SAP30L,5.6072,7.0157,6.4397,8.7372,-0.4896,4.8915,3.9573,6.993,5.53,-1.5621,-0.4552,-1.3205,4.1072,11.7805,3.734,11.5,1.303,4.6522
ARID4A,13.987,1.0144,15.5096,14.939,-0.4861,3.8757,3.7519,8.4958,4.5707,-1.4531,-0.4509,-0.9451,9.8397,13.3493,10.0313,5.0053,1.275,8.0679
ING1,5.1713,6.7333,6.8346,7.3687,-0.5148,3.778,2.8548,10.742,-1.2871,-1.4909,-0.4608,-1.2992,7.5963,9.1915,9.4571,6.5604,-1.5111,4.7614
ARID4B,-0.8385,16.3031,14.9712,14.5758,-0.657,7.1658,3.097,13.7253,5.0156,-1.7081,-0.6316,0.1301,12.1886,7.4627,9.0752,10.5821,2.6384,11.0696
SAP30,4.6713,7.6135,8.5135,7.9066,-0.5227,5.9395,4.3163,7.9308,10.1942,-1.5595,-0.4836,-0.3608,11.031,2.06,6.0496,10.9806,-0.5067,5.4752
ING2,5.5274,6.8904,2.6128,5.6701,-0.4534,4.2636,0.9533,0.5194,17.0199,-1.4769,-0.4519,-1.2448,6.3013,8.3744,5.8027,8.4777,-1.736,3.8988
FAM60A,3.6731,3.8402,4.4586,4.9647,-0.4089,4.1727,2.2999,6.2486,2.8221,-1.3679,-0.3773,-0.0508,5.503,8.5191,4.9002,5.9032,-0.7919,3.4273
BRMS1,2.7286,5.5499,8.1143,-1.174,-0.6123,3.2504,2.0542,4.8589,-0.4374,-1.6531,-0.5514,-1.4213,6.0643,11.0753,2.2573,5.3327,-1.7281,4.6463
TNRC18,-0.6324,-1.1469,3.7944,4.4946,-0.4822,3.8812,1.2479,7.0093,4.1143,-1.5834,-0.4393,-1.3143,6.7647,8.7212,7.1727,5.1198,2.4058,4.8342
SAP130,1.8015,3.6272,2.3113,2.2229,-0.5379,1.3972,1.211,5.997,3.2093,-1.5367,-0.4897,-1.3547,6.8769,6.5734,10.6803,4.3067,-1.7113,1.7693
ARID4B,-0.7424,-1.2622,0.9035,7.1416,-0.5265,2.6252,2.7432,2.6751,5.7864,-1.5706,-0.515,0.1778,6.7784,1.8109,7.565,7.1558,1.0467,5.381
SAP130,1.7902,3.9888,2.0547,1.9675,-0.5208,1.2463,1.0898,6.2573,2.7559,-1.5029,-0.484,-1.2952,4.9167,6.1817,12.3148,4.1074,-1.6902,1.7705
SAP130,1.9762,3.8695,2.4015,2.2633,-0.5245,1.4684,1.164,6.0146,2.9779,-1.5783,-0.4065,-1.3033,5.7997,5.3166,8.7806,4.7527,-1.7671,1.976
HNRNPUL1,2.2411,1.7712,1.1556,1.057,4.7403,-2.4733,-1.0868,0.5401,1.7772,3.0174,5.4498,4.5673,-0.1811,1.0537,0.9285,4.4098,0.1016,0.0302
SAP130,1.7591,4.1065,1.7202,1.9345,-0.5512,1.1526,0.731,5.9152,2.8408,-1.6312,-0.5121,-1.423,5.3795,5.8581,18.0805,3.9181,-1.8314,1.5603
SAP130,1.6858,3.7799,1.8101,1.8432,-0.4651,1.2134,0.8291,5.2342,2.6582,-1.4818,-0.434,-1.2892,5.1047,5.7627,7.1799,3.6074,-1.7669,1.6523
BAHCC1,-0.6528,-1.237,0.2756,1.0092,-0.5186,0.9289,-1.4528,4.1402,-0.4238,-1.6064,-0.4506,-1.3839,5.0027,4.2225,4.2123,0.9601,-1.8075,4.1528
PHF12,-0.7118,-1.2477,-0.8692,-1.1321,6.9833,4.4338,3.1521,-1.4397,-1.3277,10.2756,16.4834,-1.4305,-0.9042,-2.2243,-1.8142,-1.5137,5.9769,-1.0438
TUBA1A,0.5184,2.1898,12.4494,1.3018,5.5636,8.7731,-3.1236,1.9875,3.0331,1.7113,7.2096,1.7252,0.816,9.9721,11.1991,8.4096,17.1226,0.8614
CHD4,-2.8145,-2.8563,-2.6131,-2.5344,-0.8455,7.2454,16.6818,-3.0533,-3.7467,-3.217,-1.867,14.8482,-2.9147,-4.4062,-3.6777,-3.1177,-4.194,-1.1598
GCN1,-0.7055,-0.887,3.2813,-1.0644,-0.5454,3.1287,1.4006,-0.7222,-1.3454,-1.2358,-0.484,-0.3848,4.8417,5.0841,4.5379,-1.1699,4.8971,-0.6235
GATAD1,-0.6898,-1.2581,-0.8786,-1.099,17.9865,3.5394,1.59,-1.4336,-1.3429,3.4831,7.2415,-0.7098,-0.8936,-1.8631,-1.8054,-1.545,4.5045,-1.0401
GATAD2B,0.0211,-0.8417,-0.8129,-1.0912,-0.4775,12.2283,15.1447,-1.3225,-1.3171,-1.5797,-0.4407,9.6242,-0.8194,-1.951,-1.5696,-1.4568,-1.9413,0.0576
MTA1,-0.6288,-1.1926,-0.7564,-1.0586,-0.48,10.2056,10.8219,-1.3154,-1.269,-1.5564,-0.4548,11.3122,-0.7949,-2.1534,-1.7818,-1.4389,-1.833,-0.9658
MBD3,-0.6373,-1.1876,-0.8641,-1.1242,-0.5373,11.5708,12.4836,-1.3391,-1.3162,-1.588,-0.4803,10.5242,-0.8302,-2.0953,-1.829,-1.4879,-1.8231,-0.6322
MTA2,-0.5952,-0.8489,-0.7649,-0.9823,-0.4543,8.8158,17.3589,-1.2971,-1.2874,-1.5083,-0.4443,11.4839,-0.7749,-2.046,-1.724,-1.4119,-1.7469,-0.9199
MBD2,-0.6527,-1.1467,-0.7715,-0.9767,-0.4165,8.2434,8.6556,-1.2621,-1.2812,-1.4301,-0.4068,6.2098,-0.7714,-2.0066,-1.6943,-1.391,-1.7371,-0.8719
GATAD2A,-0.7508,-1.2215,-0.9062,-1.1632,-0.6048,10.8243,8.4517,-1.4318,-1.3809,-1.61,-0.5676,6.3747,-0.944,-2.2544,-1.8161,-1.5345,-1.8705,-1.0768
CHD3,-0.743,-1.2351,-0.8336,-1.1117,-0.5885,7.0758,8.0094,-1.4291,-1.4044,-1.633,-0.53,9.3916,-0.9294,-2.2265,-1.8244,-1.5058,-1.939,-0.7357
PRKDC,-2.7118,0.044,5.3285,-1.5684,-0.127,5.9397,1.8993,1.6895,-2.4094,0.2527,-1.7136,2.0664,7.5257,9.5448,5.3227,0.5787,5.9671,-2.7052
CAD,-0.5494,1.6174,4.3878,0.9574,1.6829,3.6541,3.9839,0.7095,-0.7494,1.0363,-0.4206,2.9935,4.1887,4.4757,4.2704,2.2918,4.4962,1.6296
CCT2,-0.5962,0.1099,1.3426,0.6559,0.305,8.0201,11.6792,-1.3626,-0.5628,-1.5286,0.0076,1.9459,0.5299,-1.0182,-0.9916,-1.1417,-0.9082,0.8687
CCT5,-0.2872,0.542,1.5696,1.2726,0.3609,11.8861,13.4234,-0.6346,0.6119,-0.6077,-0.398,-0.0793,1.1361,-0.1585,0.272,-0.4838,-0.1144,1.0343
TUBB6,-1.6125,1.6721,2.1047,-1.9628,0.2756,6.9564,4.2213,2.4925,-2.3033,-1.6452,-1.321,-1.0564,5.2033,5.7963,3.7064,2.4772,5.8388,-0.495
CHD4,-2.8838,-2.9002,-2.6456,-2.6261,-0.853,11.3771,13.1532,-3.1013,-3.9373,-3.2515,-1.9276,5.2869,-2.8913,-4.4703,-3.723,-3.1214,-4.2172,-1.1482
TCP1,-0.5532,-1.102,0.4559,-0.5932,0.3549,23.9964,18.3196,-1.1811,-1.2061,-1.3848,1.3464,2.2752,1.5691,1.512,-1.1308,-1.0096,-0.4445,-0.8368
MSH2,-0.6338,-1.1745,-0.82,-0.6432,-0.4976,0.9787,-1.8094,-1.3446,-1.3043,-0.6759,0.2754,-1.2664,3.7572,4.4716,-0.5527,-1.1488,-0.7482,-0.9822
CCT3,-0.4353,-1.0025,0.1751,0.2669,-0.6272,12.8551,16.4932,-1.4509,-1.1881,-1.69,-0.6019,0.358,-0.9784,-1.6328,-1.9347,-1.6009,-1.6969,-0.0627
CCT4,-0.9869,-1.2034,-1.1314,-1.3198,-0.7619,14.7006,13.0704,-1.6312,-0.7517,-1.8583,-0.676,0.7482,-0.8097,-2.5213,-2.1027,-1.7467,-1.9553,0.9608
CCT6A,-0.6508,-0.8414,-0.2128,0.406,-0.4336,12.4664,19.2887,-1.2319,-1.2999,-1.4209,-0.4615,0.2686,-0.7995,-0.8751,-1.743,-1.4156,0.1206,0.3008
CCT8,-0.876,-0.9624,0.0749,-0.4701,0.9371,8.3045,8.542,-1.536,0.3576,-1.784,-0.6687,1.9169,-0.75,-2.1851,-1.3561,-1.7236,-1.8484,-1.012
MORF4L1,-0.6682,-1.1478,-0.8031,-1.0777,3.1184,0.0308,-0.3479,-1.3189,-1.2564,12.5282,8.4694,-1.3425,-0.8393,-2.0257,-1.754,-1.4235,1.6686,-0.9866
CCT7,-0.6555,-0.6624,-0.4905,-1.0616,-0.5449,6.4196,8.1173,-1.3695,-0.3785,-1.6279,-0.5105,2.0323,-0.848,-1.6902,-1.4586,-1.4913,0.0247,0.3201
EMSY,-0.5707,-1.0696,-0.6971,-1.044,5.242,2.5409,0.2441,-1.2458,-1.2488,0.1207,3.7385,-1.249,-0.7639,-2.0282,-1.7308,-1.4349,1.0318,-0.9242
KDM5A,-0.6526,-1.1478,-0.741,-0.9706,5.1183,1.9061,-0.5672,-1.2542,-1.2673,3.5845,5.7506,-1.2389,-0.7911,-1.9577,-1.6392,-1.3177,0.8945,-0.9032
ERC1,7.6615,2.7261,-0.8362,-1.0933,1.678,-2.7525,-2.2989,18.0657,3.5141,-1.4871,-0.5022,-1.3467,-0.8487,0.1086,-1.5622,-1.5038,-1.8361,-0.9837
CDK2AP1,-0.6767,-1.1806,-0.7979,-1.091,-0.5527,7.3276,5.1975,-1.3434,-1.3155,-1.5108,-0.484,3.2013,-0.7904,-2.0413,-1.806,-1.4449,-1.7862,-0.9783
MTA3,-0.6679,-1.1595,-0.8346,-1.0802,-0.5446,6.2814,9.9782,-1.3292,-1.2932,-1.539,-0.5061,3.1278,-0.816,-2.0828,-1.7926,-1.4043,-1.8327,-0.965
PWWP2A,-0.7744,-1.3707,-0.9039,-1.1728,-0.5824,5.9301,5.4147,-1.5064,-1.3607,-1.6933,-0.5225,2.2318,-0.9687,-2.3211,-2.008,-1.6288,-1.9956,-1.1318
CHD5,-0.6549,-1.2083,-0.8381,-1.0927,-0.4533,6.8281,7.205,-1.3842,-1.2975,-1.5672,-0.5002,3.1334,-0.8067,-2.1313,-1.8045,-1.5108,-1.8627,-0.9649
RCOR1,-0.5681,-1.1309,-0.7082,-0.9948,-0.4375,6.4345,7.3528,-1.2346,-0.9306,-1.4927,-0.4085,-0.8637,-0.723,-1.9342,-1.6562,-1.369,-1.6633,-0.8862
KDM1A,-0.6768,-0.8942,-0.4829,-1.0191,-0.5259,9.3546,8.6164,-1.303,-1.3576,-1.4723,-0.4773,-0.9954,-0.8156,-2.0351,-1.5185,-1.433,-1.7646,-0.0228
C16orf87,-0.606,-1.1643,-0.7593,-1.0464,-0.457,8.8304,5.2315,-1.3017,-1.2726,-1.523,-0.4164,-1.2906,-0.7474,-2.0446,-1.7773,-1.4579,-1.8373,-0.9054
MIER1,-0.5763,-1.0163,-0.6983,-1.004,-0.4192,9.2082,11.9895,-1.2204,-1.2368,-1.4656,-0.3889,-1.2619,-0.7042,-1.9845,-1.695,-1.3511,-1.5987,-0.919
DNTTIP1,-0.6246,-1.1525,-0.7791,-1.0964,-0.4697,8.2328,7.7194,-1.2885,-1.3282,-1.5777,-0.4316,-1.242,-0.7565,-2.1258,-1.7904,-1.4291,-1.8033,-0.953
WDR5,-0.6663,-1.2204,-0.8273,-1.1003,-0.4812,7.7036,6.7952,-1.3172,-1.34,-1.5526,-0.4874,-1.3192,-0.8242,-2.1202,-1.8104,-1.4707,-1.6797,-0.9983
ZMYM2,-0.6808,-1.13,-0.789,-1.0389,-0.465,8.4289,12.6969,-1.3565,-1.2401,-1.5001,-0.4998,-1.3097,-0.8245,-2.0829,-1.7484,-1.4448,-1.8355,-0.9551
GSE1,-0.7174,-1.2113,-0.854,-1.1157,-0.5249,10.3629,11.7476,-1.3837,-1.3327,-1.6167,-0.5033,-1.3382,-0.8515,-2.1857,-1.8351,-1.5509,-1.8262,-1.0154
MIER3,-0.6698,-1.172,-0.7904,-1.1464,-0.5414,6.7171,7.673,-1.3861,-1.3049,-1.5716,-0.5246,-1.3229,-0.7672,-2.101,-1.7029,-1.4832,-1.8565,-1.0341
MIDEAS,-0.6524,-1.1748,-0.7917,-1.0436,-0.4652,10.5657,13.1165,-1.2788,-1.3164,-1.4664,-0.4647,-1.2813,-0.8249,-2.0084,-1.7385,-1.3904,-1.7691,-0.9323
ZMYM3,-0.6991,-1.273,-0.8498,-1.1032,-0.5767,8.4334,8.6547,-1.3591,-1.3951,-1.5567,-0.52,-1.3526,-0.9239,-2.1794,-1.9254,-1.4665,-1.9014,-1.0641
CTBP1,-0.571,-1.0967,-0.7128,-1.0383,-0.5107,5.5495,4.9594,-1.2649,-1.1607,-1.4987,-0.4525,-1.2625,-0.7496,-2.0017,-1.7339,-1.3827,-1.8001,-0.9658
HMG20A,-0.6893,-1.1699,-0.8329,-1.0709,-0.5508,8.1358,6.1753,-1.319,-1.3839,-1.5032,-0.5272,-1.2415,-0.7848,-2.1608,-1.7205,-1.4701,-1.8601,-1.0111
RERE,-0.5594,-1.1338,-0.7059,-0.9708,-0.4323,9.8065,10.5714,-1.1992,-1.1793,-1.406,-0.3711,-1.2019,-0.7318,-1.927,-1.6673,-1.3666,-1.7015,-0.8981
RCOR3,-0.7029,-1.2313,-0.8404,-1.0996,-0.5653,8.5063,5.6672,-1.4041,-1.3102,-1.5669,-0.5567,-1.4065,-0.8841,-2.1623,-1.8556,-1.5065,-1.8313,-1.0267
CDYL,-0.6527,-1.1133,-0.791,-1.0377,-0.4285,7.0985,6.4147,-1.2361,-1.2539,-1.4552,-0.398,-1.2623,-0.7793,-2.0836,-1.6468,-1.4137,-1.8418,-0.9563
GSE1,-0.6839,-1.2429,-0.8759,-1.1824,-0.5566,12.0213,7.9067,-1.5094,-1.3221,-1.6565,-0.5194,-1.4474,-0.8438,-2.2286,-2.0051,-1.5925,-1.9475,-1.0687
ZNF516,-0.6726,-1.1397,-0.8162,-1.0723,-0.5123,12.5856,6.7368,-1.3835,-1.2865,-1.5697,-0.5043,-1.3651,-0.82,-2.0424,-1.8422,-1.4643,-1.7988,-0.9824
MIER2,-0.7011,-1.1668,-0.7982,-1.0828,-0.5392,7.0479,6.8567,-1.3662,-1.3929,-1.5408,-0.5052,-1.3716,-0.7981,-2.0792,-1.8078,-1.4566,-1.8085,-0.9877
BCL11A,-0.6123,-1.1625,-0.6917,-1.013,-0.5089,5.5947,5.5615,-1.3304,-1.2336,-1.4863,-0.461,-0.6579,-0.7457,-1.9743,-1.7213,-1.3711,-1.6995,-0.9782
ZNF217,-0.7018,-1.2614,-0.8298,-1.1452,-0.5818,11.123,8.8608,-1.388,-1.3811,-1.6143,-0.5343,-1.3428,-0.8773,-2.1937,-1.7992,-1.4979,-1.9382,-1.0355
RREB1,-0.7337,-1.2156,-0.8614,-1.1109,-0.591,15.1678,7.5349,-1.4091,-1.4108,-1.6111,-0.5469,-1.3753,-0.9218,-2.2037,-1.8417,-1.5255,-1.8653,-1.0317
RCOR2,-0.62,-1.0784,-0.7383,-0.9975,-0.4784,5.442,4.5152,-1.28,-1.2244,-1.416,-0.5013,-1.2419,-0.7234,-1.9325,-1.6912,-1.3431,-1.6617,-0.9026
PHF21A,-0.6708,-1.1704,-0.8427,-1.1297,-0.5644,5.2465,5.6049,-1.4182,-1.3347,-1.5501,-0.5054,-1.3442,-0.7794,-2.1387,-1.8062,-1.4926,-1.7644,-0.9875
RCOR3,-0.664,-1.1506,-0.8315,-1.1644,-0.5515,5.9446,5.1046,-1.4399,-1.3805,-1.5853,-0.5062,-1.4299,-0.8424,-2.236,-1.9927,-1.607,-1.9583,-1.0471
ARID5B,-0.635,-1.1215,-0.7794,-0.9938,-0.4656,5.8731,4.9097,-1.2139,-1.2276,-1.4603,-0.4323,-1.2969,-0.7905,-2.0074,-1.7066,-1.3918,-1.7909,-0.9044
RREB1,-0.6521,-1.1748,-0.8114,-1.0695,-0.5151,5.7795,3.6384,-1.3321,-1.3256,-1.5571,-0.4735,-1.3255,-0.8451,-2.1143,-1.7825,-1.4692,-1.7803,-0.9873
MGA,-0.7175,-1.2724,-0.8752,-1.1161,-0.5685,4.9885,4.9016,-1.3865,-1.3872,-1.593,-0.546,-1.4125,-0.8806,-2.2721,-1.8402,-1.5702,-1.8754,-1.0541
EPPK1,4.3754,-0.3246,-0.6794,-0.9818,-0.4636,-2.553,-2.137,-1.2678,-1.0864,-1.4491,-0.4285,-0.9048,-0.6975,-1.9503,4.6512,-0.0929,-1.635,2.4433
HSPA1A,29.7788,23.0217,13.598,13.2538,7.3694,3.2131,-4.7263,10.2932,25.1939,10.6997,13.2564,17.2024,17.1776,17.6956,44.9114,8.8953,5.3403,17.9053
HSPA9,3.245,0.3752,-0.9812,2.3694,-0.4489,-8.4931,-11.6572,-1.8246,1.7953,-5.6762,3.668,-1.1254,-4.028,-6.8261,25.3862,-6.3976,-11.675,-1.7914
TUBB4B,2.0869,1.2445,3.3766,0.9073,-1.1942,2.1877,1.7748,2.7326,1.4232,1.3585,-0.996,-1.6845,4.7453,9.0053,6.7935,-0.2299,1.8904,-1.9804
TUBA4A,0.4761,2.4868,4.271,0.5235,3.4838,1.7629,5.2488,2.1646,1.1962,2.6479,6.1658,2.6981,3.1606,2.6151,6.5625,3.6476,2.0245,-0.6888
ATP5A1,-0.3174,0.2624,3.8355,0.4721,2.2683,3.6543,1.9076,2.9484,0.446,-0.6684,1.3829,1.3397,5.5519,4.4592,5.5872,0.4704,4.8037,0.1585
LGALS3BP,3.6169,4.4439,1.7847,-1.107,3.8653,1.0659,-0.5406,4.6947,4.1316,0.6172,1.1007,4.1297,3.0751,3.1687,2.8527,2.538,-1.3638,4.4562
HNRNPM,6.6247,1.4089,3.4669,4.7166,-1.5063,-0.1173,-1.3877,4.0207,3.3123,-0.8867,-0.6442,0.2952,2.2236,1.5812,2.4926,-1.9727,-2.8039,0.4454
TUBA8,0.2768,0.8167,-0.5536,0.0999,2.3065,0.6217,0.3071,1.5128,-0.7403,1.8623,3.4998,2.3347,0.9513,0.2233,4.7734,2.7485,0.7755,0.1615
HIST3H2BB,-0.7724,-0.178,-0.1924,-0.5928,1.1603,2.1329,4.3621,1.0283,-0.3032,-1.0294,2.5945,1.6001,-0.7374,0.3144,1.5459,1.3526,-0.9795,-1.0423
CALU,3.5442,1.9274,4.3835,3.5273,-0.0881,0.5742,-1.34,-0.1375,1.1673,-0.8801,-0.4212,0.1115,1.2422,0.5528,0.2697,-0.7762,-1.3704,1.2989
KPNA2,-0.4078,0.7843,-0.0677,-0.7571,-1.0888,-1.5982,-1.2187,-1.9489,-1.8825,5.095,0.6793,1.7,-1.4289,-0.8608,-2.1769,-1.8107,8.1085,1.8889
HIST1H2AC,-0.5709,-0.228,-0.2434,-0.1157,1.8403,-1.2561,-0.6971,-1.3388,0.4667,-1.0794,4.4187,1.9302,-0.3375,-1.4642,1.6093,-0.5251,-1.3159,-0.8186
FOXK1,-0.6418,0.6199,0.6509,-0.993,-0.5144,0.5588,-2.265,3.5487,-1.3149,-1.4865,-0.4733,-1.3147,2.5293,1.241,0.0317,0.7724,0.7523,4.2178
HSPA4,-0.4065,2.7136,0.5528,1.0489,1.3272,-3.0302,-2.6067,0.6429,2.2725,-1.0404,0.5429,2.3321,0.1509,-2.5027,5.1709,-0.0959,-2.1957,0.6001
KPNB1,0.2153,-1.1411,-0.4669,-0.0862,1.7814,-1.9621,-2.2412,-0.6894,0.7192,-1.4981,-0.5424,2.094,-0.7982,-0.9131,-1.1951,-1.5133,5.2727,0.9257
KPNA3,-0.5589,-0.8842,-0.7542,-0.989,0.6444,0.448,-1.8222,-1.6014,-1.3434,1.4173,0.0344,1.0833,-0.0081,-1.6115,-1.2339,-0.6368,5.5637,-0.9192
ANXA2,-0.5816,-0.4687,-0.7495,-0.6483,-0.0451,-2.5871,-2.122,-1.2081,1.5174,-1.4592,0.9189,-0.601,-0.7125,0.2801,-0.8077,-1.3721,-1.7313,3.6419
TROVE2,-1.2958,-1.8479,-1.4755,-1.3455,3.051,-2.9725,-2.9919,-2.0529,-0.1981,-1.6997,5.4456,1.3929,-1.1959,-1.0789,-2.5517,-2.1644,0.5193,-0.9551
PABPC4,-0.4616,-0.8971,0.1722,0.4227,2.64,-2.8934,-1.2159,-1.294,0.2702,-0.5539,4.3898,-0.1144,-0.8631,-1.4606,-1.4463,0.0973,-1.9154,-0.4097
DECR1,0.9069,1.9485,-0.7606,4.8365,-0.5118,-1.7971,-2.2859,-1.3179,-1.3158,-1.5011,-0.4496,-1.3107,3.3152,3.0353,-1.7374,1.0219,-1.8452,3.1438
FOXK2,-0.6933,-0.9238,0.8175,-0.723,-0.5163,-1.2531,-2.242,2.483,-1.2832,-1.5608,-0.498,-1.2971,1.772,-0.0082,-0.4663,-1.4195,-1.7801,4.2233
HSPH1,-0.608,1.1758,-0.393,-0.6463,-0.4555,-2.9565,-2.2167,-1.2859,-1.0084,-1.5169,-0.3956,1.2698,1.1755,-1.9152,4.2365,-1.4307,-1.8218,-0.5918
KPNA4,-0.6885,-1.2244,-0.8378,-1.1124,-0.515,3.4453,2.7611,-1.3124,-1.3458,3.5792,1.6708,3.8003,-0.8372,-2.1883,-1.6017,-1.5071,4.9763,-0.6054
S100A9,-0.1154,-1.5642,-0.8545,-0.2016,-0.8166,-3.2817,-0.1589,-1.6677,4.8333,-1.89,-0.7666,-1.3546,-0.4104,3.9859,-1.8896,-1.7787,-2.288,-0.9592
SMARCA5,-0.6545,-1.1592,-0.7951,-0.6892,-0.4995,-1.2926,-1.6647,-1.3092,-1.2876,-1.5304,-0.47,4.2326,-0.7909,-2.2111,-0.4501,-1.4417,-1.7695,-1.0313
CANX,-0.5885,-1.4041,-1.0365,-0.0743,-0.7225,-3.0663,-2.5422,-1.5191,-1.0736,-1.7109,0.4045,-0.4091,-1.009,-0.4249,-1.9235,-1.63,6.2249,-0.1977
SAP30L,2.2809,-1.1667,0.9354,2.7191,-0.5122,-1.5431,-1.0382,0.1386,-0.0812,-1.5337,-0.4548,-1.3005,-0.8141,5.6111,2.2162,0.2856,-1.7544,-0.8154
MTA3,-0.6977,-1.2077,-0.8355,-1.1133,-0.5138,-1.5534,5.7368,-1.3752,-1.2387,-1.617,-0.4622,3.1673,-0.8227,-2.021,-1.7888,-1.475,-1.8123,-0.9985
ZNF219,-0.6462,-1.1014,-0.7904,-1.0516,-0.4966,5.4947,3.1674,-1.3121,-1.2307,-1.4717,-0.4497,3.189,-0.7631,-2.0341,-1.6944,-1.44,-1.8485,-0.9493
HSPA4L,-0.5752,-1.0109,-0.3776,-0.9049,-0.4412,-2.6471,-2.0532,-0.8546,-1.1449,-1.4319,-0.3221,-0.8381,-0.6311,-1.9398,4.3959,-1.2997,-1.6654,-0.5067
RCOR3,-0.611,-1.0694,-0.7615,-1.0605,-0.4839,4.7158,9.4558,-1.2841,-1.2494,-1.5521,-0.4356,-1.3033,-0.7721,-2.052,-1.8152,-1.4224,-1.7677,-0.9442
MIER3,-0.6272,-1.1085,-0.7972,-1.0955,-0.5331,2.8713,6.2167,-1.3605,-1.2721,-1.5771,-0.5272,-1.3622,-0.8047,-2.0669,-1.8065,-1.5017,-1.7368,-1.0207
MORF4L2,-0.6822,-1.2002,-0.81,-1.0893,-0.4941,-2.7743,-2.3134,-1.3395,-1.2562,1.9075,6.8503,-1.3414,-0.8298,-2.133,-1.7597,-1.4412,-1.8589,-0.961
ZNF512B,-0.6707,-1.1759,-0.8011,-1.0808,-0.5235,-0.654,-2.2408,-1.3347,-1.2811,-1.5308,-0.4714,9.6413,-0.8564,-2.0561,-1.7263,-1.4641,-1.8023,-0.9918
BCL11B,-0.6756,-1.1771,-0.8599,-1.1097,-0.5564,4.7075,3.5769,-1.4047,-1.3338,-1.5727,-0.4645,0.4713,-0.8287,-2.2315,-1.8926,-1.5198,-1.8471,-1.02
TRERF1,-0.695,-1.2484,-0.8364,-1.1041,-0.5739,5.4572,2.8734,-1.4341,-1.2862,-1.602,-0.577,-1.3386,-0.8922,-2.077,-1.824,-1.5143,-1.7715,-1.0372
ZNF521,-0.6611,-1.2542,-0.8376,-1.0538,-0.5349,4.1731,2.0741,-1.3769,-1.3961,-1.6098,-0.5012,-0.7162,-0.9051,-2.1479,-1.7769,-1.4841,-1.8526,-0.9942
MRFAP1,-0.6872,-1.1547,-0.792,-1.0591,-0.4656,-2.9577,-2.4758,-1.361,-1.3274,11.9683,-0.4853,-1.3431,-0.8045,-2.1991,-1.8123,-1.4895,-1.9814,-0.9721
MRGBP,-0.7015,-1.1641,-0.7496,-1.0706,-0.5055,-2.8863,-2.3271,-1.3252,-1.3238,9.8262,-0.4749,-1.3389,-0.8251,-2.2223,-1.7502,-1.4049,-1.8129,-0.9899
BRD8,-0.6573,-1.1748,-0.7468,-1.0702,-0.4758,-2.7961,-2.3805,-1.3622,-1.399,8.1279,-0.4463,-1.3753,-0.7956,-2.1828,-1.7957,-1.4726,-1.8637,-0.9893
SGF29,-0.7306,-1.166,-0.8388,-1.1804,-0.5532,-2.7489,-2.3271,14.4119,-1.2585,-1.5578,-0.5184,-1.3671,-0.8748,-2.1008,-1.8834,-1.5251,-1.8446,-1.0409
MRFAP1L1,-0.5727,-1.1008,-0.6956,-1.0209,-0.4667,-2.5283,-2.1373,-1.2626,-1.1833,5.2893,-0.4353,-1.2864,-0.7435,-1.9804,-1.7027,-1.4125,-1.7372,-0.9291
LIN9,-0.6477,-1.2192,-0.8197,-1.0739,-0.5047,-2.8124,-2.3331,-1.2953,-1.3498,-1.5694,-0.4788,9.4389,-0.8513,-2.1611,-1.8385,-1.455,-1.8875,-1.01
LYZ,-0.5869,-1.1238,-0.7554,-1.1015,-0.4919,-2.7996,-2.3143,-1.3461,-0.9669,0.6858,-0.4556,-1.3518,-0.7685,6.0917,-1.8026,-1.4432,-1.8074,-0.9733
LIN52,-0.6364,-1.1168,-0.7708,-1.0459,-0.4725,-2.7356,-2.2694,-1.3589,-1.2688,-1.5193,-0.4568,4.6737,-0.7666,-2.0713,-1.7893,-1.5338,-1.8384,-0.9785
SUZ12,-0.6617,-1.1948,-0.754,-1.081,-0.5594,-2.7573,-2.2656,-1.3101,-1.2481,-1.5677,-0.5085,10.8827,-0.8131,-2.0318,-1.7164,-1.4159,-1.7395,-0.9767
SCOC,-0.6782,-1.1641,-0.7962,-1.0626,-0.5487,-2.7983,-2.2997,6.0526,-1.2594,-1.5256,-0.4788,-1.3577,-0.8276,-2.1243,-1.8141,-1.4839,-1.7829,-0.6328
LIN37,-0.7435,-1.2835,-0.8992,-1.1567,-0.6077,-3.0739,-2.4364,-1.3633,-1.4328,-1.5737,-0.5723,6.3413,-0.9124,-2.2336,-1.7791,-1.5148,-1.8878,-1.0587
EZH2,-0.7222,-1.226,-0.8443,-1.1368,-0.4984,-2.9492,-2.4103,-1.4294,-1.3763,-1.6412,-0.5137,7.1115,-0.8721,-2.2303,-1.8463,-1.5602,-1.9284,-1.0233
CHAF1A,-0.7011,-1.228,-0.7881,-1.102,-0.4898,-2.7891,-2.3731,-1.3495,-1.331,-1.5748,-0.4849,8.6153,-0.8224,-2.149,-1.7788,-1.5075,-1.8811,-0.9878
AEBP2,-0.6099,-1.1178,-0.7509,-1.017,-0.4518,-2.6703,-2.1567,-1.2767,-1.2799,-1.4252,-0.4851,5.9452,-0.7765,-2.0167,-1.6608,-1.4112,-1.7149,-0.9313
MYBL2,-0.6428,-1.1912,-0.7942,-1.0767,-0.5188,-2.9181,-2.3533,-1.3884,-1.4078,-1.4849,-0.4522,6.2781,-0.7975,-2.1694,-1.7847,-1.4452,-1.8548,-0.9973
EED,-0.6129,-1.1426,-0.7048,-1.0408,-0.4705,-2.7125,-2.2624,-1.3043,-1.2506,-1.4976,-0.4444,6.7416,-0.764,-2.0525,-1.7469,-1.3963,-1.7566,-0.9315
LIN54,-0.6845,-1.2078,-0.843,-1.0726,-0.5074,-2.8209,-2.3193,-1.3443,-1.3257,-1.5424,-0.5067,5.2038,-0.7713,-2.0949,-1.7415,-1.4085,-1.849,-0.9908
RNF41,-0.7073,-1.2204,-0.8584,-1.1199,-0.1311,-2.5774,-2.2741,-1.095,-1.3465,-1.5098,-0.5173,-1.3304,-0.8552,-2.1459,6.0073,-1.5287,-1.5813,-1.0375
PALB2,-0.5988,-1.0888,-0.7912,-1.0594,-0.4658,-2.6926,-2.1848,-1.2637,-1.1606,5.2741,-0.4206,-1.2497,-0.7909,-2.0632,-1.6998,-1.4047,-1.7256,-0.8918
CHAF1B,-0.6716,-1.2542,-0.8723,-1.0924,-0.5469,-3.0179,-2.3967,-1.4062,-1.3403,-1.622,-0.5245,6.3505,-0.8396,-2.1913,-1.8858,-1.5556,-1.9061,-1.0182
EP400,-0.6572,-1.2449,-0.829,-1.0523,-0.5019,-2.8671,-2.4221,-1.395,-1.3381,13.3042,-0.4614,-1.3553,-0.887,-2.1791,-1.7955,-1.4751,-1.846,-0.9998
BPTF,-0.7085,-1.2173,-0.7818,-1.0865,-0.5293,-2.7656,-2.2074,-1.3804,-1.2665,-1.455,-0.4849,8.495,-0.8371,-2.1086,-1.729,-1.4119,-1.841,-0.965
ASH1L,-0.6579,-1.1836,-0.8242,-1.1061,-0.4741,-2.8974,-2.3761,-1.3947,-1.3495,9.5727,-0.4493,0.389,-0.8358,-2.162,-1.8221,-1.4814,-1.9398,-1.0001
PCBP1,3.8553,9.1351,-7.956,-3.4143,-10.1315,-48.8279,-38.8974,-13.6975,-1.0888,-24.5002,-13.7161,-25.2421,-17.8998,-25.7281,-14.2274,-16.7542,-34.9701,-18.64
TUBB,-1.6356,6.6566,13.0406,-0.9392,7.1933,12.9203,7.3433,-2.1616,-1.8706,-5.6311,16.4506,0.7295,16.8073,23.7492,19.3849,9.0967,19.7516,-4.9543
SNRPD1,-3.1519,-2.3448,-0.0235,2.532,0.1468,-9.5017,-10.0106,-4.4383,5.9383,-5.5459,16.9051,8.4684,-4.6063,-3.0641,-0.3048,-1.4052,-8.2147,-6.9857
TUBA1C,-9.5883,-10.049,8.1209,-1.644,-4.1897,8.7047,7.9907,-3.7956,-5.988,-10.7212,7.1517,-5.0638,11.4002,10.9761,20.0789,-1.6408,13.2857,-9.2866
HSPA8,-2.4378,-4.5406,-1.2229,-3.2111,4.4273,-10.467,-10.9161,-2.4,-4.1957,-10.8565,0.1165,-5.3663,-4.423,-7.9056,22.9166,-8.6866,-10.9997,-5.8813
U2AF2,-5.7226,-4.772,-3.861,-5.2693,2.1344,-24.4361,-21.2659,-10.4354,-2.7475,-13.0085,-1.1426,-8.7083,-5.9816,-11.8636,-5.5066,-11.4693,-14.3812,-11.3589
RCC2,-4.4419,-2.2259,-3.3544,-0.9915,4.1005,-23.4475,-18.2567,-7.3867,-0.6644,-3.2391,4.5457,-4.1397,-4.4255,-9.9569,-11.5554,1.5698,-17.9484,-5.4811
SNRPF,-0.2641,-6.3698,1.8128,-5.3207,-3.6743,-10.9077,-9.5198,-6.1601,-0.1179,-6.8076,-4.6165,-5.3753,-3.351,-4.2135,-7.4032,-6.3169,-7.0293,-3.1936
SNRPD2,-2.2752,-4.353,0.5899,-2.3558,4.2003,-11.152,-7.9686,-5.0841,3.7558,-5.5285,-0.7485,-1.0185,-2.5832,-7.9147,-6.6412,-5.0643,-8.3088,-4.9156
RBM39,-9.5322,-12.2839,-12.8628,-9.1862,7.483,-24.8186,-22.9433,-12.388,-10.9312,-4.5401,5.4544,-10.5033,-13.0924,-20.3047,-16.6855,-1.0578,-18.7076,-13.4145
HIST2H2AA3,-3.4486,-4.4405,-1.7819,-1.0666,-2.4529,1.5602,-0.6764,-0.1942,-1.327,-5.5211,-0.235,5.0765,-3.5257,-4.9084,-0.0547,-2.8057,-3.8531,-0.5424
HMGB1,-2.3981,0.3482,-1.4065,-1.6214,0.1174,-14.2129,-11.0601,-2.6885,1.3134,-5.2458,4.1356,-2.9579,-1.9716,-5.5105,-7.1278,-4.03,-9.8429,4.1406
SNRPA,-0.9704,-0.7957,-0.4449,-3.2927,2.7395,-15.7897,-13.718,-6.1603,2.7403,-6.9653,4.6074,-4.1041,-6.5989,-10.5526,-9.8918,-1.1356,-11.223,-5.0895
BTF3L4,-0.6322,0.7834,5.6399,0.7735,-0.0933,-7.9261,-6.8181,0.5416,5.0776,-3.2208,-1.8679,-2.5049,2.1355,-5.3663,-2.9742,-3.6289,-6.6399,6.0454
EIF1AX,0.3328,-2.6386,-0.0733,4.202,0.3441,-11.0716,-7.8036,-3.5705,-0.5538,-4.9517,-0.4836,-3.9169,-4.9814,-7.6957,-5.4098,-1.5496,-7.6273,6.6298
NUCKS1,-4.2958,-6.8993,-3.9111,2.7846,0.2709,-15.4852,-13.3234,-9.9183,-1.9124,-7.9815,-0.9529,-3.2566,-6.9766,-10.4087,-8.2306,-7.4719,-12.4385,-6.2095
ENO1,-1.2105,4.3681,4.1589,2.8676,7.2895,-14.2165,-12.9479,-1.1477,5.6238,-8.0236,8.3191,1.5854,-3.7946,-10.4537,-5.5012,-1.3931,-11.0709,-2.1344
CKB,3.143,7.0046,6.5725,5.8012,11.6689,-8.3956,-7.3231,1.0252,4.3555,-3.9236,9.4452,2.0125,0.4161,-7.3811,-3.0766,4.5602,-5.6806,-0.7422
EIF5A,-1.4079,0.3633,0.7881,0.0745,-0.1715,-10.9453,-9.6992,-2.3789,-2.0346,-4.5299,1.8407,-0.076,-3.8441,-8.1628,-6.0753,-3.7548,-7.3226,5.5072
CPSF6,-0.5788,-2.1335,3.4168,2.8422,2.3819,-15.9618,-12.4182,-4.8048,-0.4298,-4.367,7.6328,-5.1501,-3.1424,-9.0082,-5.081,-4.2535,-11.4991,-8.1218
RPLP2,-1.1718,-0.0097,-0.4702,-0.2684,5.1274,-6.4885,-4.8627,-3.33,3.3282,-1.0458,2.1851,2.832,-1.1456,-1.0625,0.5655,-0.8777,-3.7761,-0.6943
BTF3,-3.1824,-0.2628,-2.1152,-2.2528,-0.2977,-10.7272,-8.7824,-5.3635,-2.7184,-5.5874,-1.8652,-3.6133,-0.9122,-4.9623,-6.5912,-2.9446,-7.5793,2.3819
EEF1A1,1.1584,0.9217,2.685,-0.6419,-2.1254,0.372,-1.0124,-1.9922,1.7051,-5.9008,-0.4973,-1.7893,5.9864,4.7536,-0.8244,-4.0076,0.8641,0.9818
HNRNPF,6.3815,3.0584,4.1094,4.7401,2.7397,-3.2263,-1.6332,3.1086,5.8368,-0.5572,3.6562,4.4236,0.4815,1.8751,8.4702,-0.0863,-3.2339,1.2828
PTGES3,-0.5685,-0.9836,-2.8628,0.2654,0.2882,-8.3919,-7.0032,-4.0884,0.5532,-4.7438,3.3257,-0.934,-2.9723,-6.268,-4.8241,-2.1064,-5.9709,-1.6489
RCN2,3.0779,7.1965,5.1386,5.8513,2.0742,-4.6134,-3.9191,-0.1039,5.6534,-2.3328,1.0724,2.8681,2.427,-0.4769,1.874,0.0686,-1.8631,4.8967
BTF3,-3.1864,0.6532,-2.163,-2.1894,-0.261,-10.906,-9.2705,-2.1502,-1.0774,-5.4636,-1.7506,-3.6246,-3.8252,-8.1652,-4.2961,-2.9928,-7.9662,2.4681
HMGA1,4.4492,1.0516,2.505,-0.0224,-0.7947,-3.578,-2.1203,-1.2928,-0.5095,-0.9002,0.8075,1.1464,0.7544,-2.7928,-1.8575,-1.4105,-1.645,2.6668
PPIB,-0.1423,1.4472,0.2272,-0.4328,-1.3998,-9.054,-6.6908,-0.3593,2.2868,-3.8325,-2.448,-4.098,-1.9714,-5.1866,-3.2441,-3.8545,-6.481,0.3374
PCBP2,-5.1566,-0.0308,-1.2927,-5.9311,2.4622,-14.5572,-10.6333,-7.6327,-9.7216,-8.7298,-5.8896,-8.4203,-5.1708,-11.7368,-9.576,-5.5297,-6.4624,-3.5368
C1QBP,-2.1709,1.0151,0.0801,1.1391,6.7804,2.0173,1.8046,-2.2165,1.2701,-2.3834,3.1423,3.5826,-2.0403,-3.1272,-1.8515,-2.6703,0.7906,-2.0309
HSPD1,-2.8819,-4.0812,-4.1242,-1.7684,1.667,-1.2867,-6.5957,-3.3351,0.2341,-9.1428,-1.5997,-3.0409,-3.8672,-8.1387,-8.871,-5.4075,2.6323,-2.2368
NCL,-3.5377,-3.5283,-1.4593,3.1986,0.7762,-19.4564,-15.8517,-6.209,1.0011,-11.4358,2.0275,-2.0165,-5.7932,-11.9757,-8.8011,-5.3112,-14.0948,-2.0774
NPM1,-1.7124,-1.0417,-0.4135,1.4462,5.1045,-9.8703,-7.7934,-3.2359,0.4396,-4.5244,7.1931,1.5273,-3.0536,-6.1315,-4.3675,-0.6245,-4.9906,0.4786
SNRNP70,-0.9476,-1.7103,-1.5419,-0.5246,3.9365,-12.13,-9.8187,-2.3956,-0.8537,-5.3323,5.8604,1.9444,-3.594,-4.8297,-6.7797,-0.2423,-6.1327,-4.0123
TUBA1B,-0.413,1.907,2.4049,0.9141,5.3367,-1.3099,-2.6295,1.7901,2.9297,1.3963,7.9274,1.987,0.9577,-0.6875,8.3141,2.1423,-1.4787,0.1085
HSP90AA1,5.2643,6.7705,4.6624,7.9733,7.2134,-6.1718,-4.8285,1.4482,3.3745,0.3909,12.2233,4.8137,1.6038,-3.3993,-0.5585,6.8022,-4.3478,6.2625
PUF60,5.2832,-6.0091,-1.0675,6.7334,-3.4243,-7.3057,-8.7049,-2.5281,2.018,-5.0864,0.5301,-0.7797,0.9599,-3.101,-3.8827,-5.1158,-6.6465,-3.1736
YWHAE,-0.7551,-0.5456,2.2675,0.1253,3.9703,-7.4371,-6.1146,-2.7735,1.0675,-4.1525,0.2722,-1.6631,-0.7284,-5.1886,-2.643,-3.4787,-3.8988,-1.2641
PQBP1,2.5725,-0.1975,-1.9987,-1.8457,1.3468,-8.8723,-7.7093,-5.0479,0.6321,-5.15,-0.3083,-3.1167,-3.8489,-6.9001,-5.8507,-4.3486,-6.7798,-2.9211
TUFM,0.6581,-0.3093,2.7138,2.0842,-0.8561,2.0083,-2.342,6.0531,2.1482,-1.8296,2.0357,1.6416,4.1044,7.0788,1.648,-2.1882,1.8227,-1.1931
MRTO4,-3.4265,-2.1888,-0.6864,0.9573,-1.6639,-6.9387,-6.7639,-2.673,-0.3154,-0.5378,-0.5497,0.5877,-0.6658,-4.274,-3.715,-1.2507,-5.9031,1.7373
CBX3,0.2884,0.0052,-0.4286,-0.4135,0.2458,2.3393,2.0974,-2.4523,-0.4277,-3.1107,-0.081,0.5053,-0.8678,-3.1419,-2.8054,-2.6657,-3.6914,0.1501
PCBP2,2.7848,-0.9618,0.3282,-3.1457,-3.1089,-10.7814,-7.514,-1.3567,-3.0494,-5.03,-1.4532,-1.6946,-4.1516,-2.792,-4.5632,0.3422,-6.7466,-5.106
GNL1,0.1601,4.4185,1.7368,2.5829,5.8777,-6.6395,-4.9374,0.6836,3.2808,-0.167,5.2058,5.5718,-0.1747,-2.1318,0.1911,3.2322,-3.7982,2.9802
P4HB,3.9317,2.1703,1.0509,0.7244,-1.3266,-7.5052,-5.9715,-0.6155,0.0946,-5.9711,-1.9682,-2.7259,1.7176,-3.75,-2.0979,-3.0402,-6.9424,3.0306
HSP90AB1,2.1191,1.8091,-1.3795,0.2973,4.0581,-10.7735,-9.4202,-3.5564,0.1473,-3.6888,2.9483,0.9114,-2.1058,-4.2594,-3.5,1.1971,-6.6704,4.1115
ATP5B,-2.7503,-1.7119,1.9559,1.0621,2.341,-1.4847,-4.9117,-1.2538,0.4931,-2.4933,2.2379,1.4053,6.7322,4.4981,3.2966,0.0395,4.6847,-0.1531
CLTC,8.1798,8.4814,5.6104,6.8004,8.626,-5.5822,-8.4372,0.4189,6.6216,-4.6557,2.1657,8.1533,0.3648,-4.3174,1.3615,1.3026,-6.2792,5.9692
MATR3,0.2181,-1.835,2.3826,-0.1295,0.1255,-6.2258,-5.3126,-0.126,-0.8918,-4.0689,2.646,-0.2769,-0.3014,-4.2711,-3.3902,-0.268,-6.0741,3.8158
DDX3X,4.3134,-2.1639,1.1777,2.9509,1.9092,-8.636,-5.6313,-2.3808,-1.9833,-0.4019,3.6332,1.6729,-2.6096,-3.6988,-4.5035,1.2918,-5.9581,3.8046
PPM1G,-1.8816,-1.9146,-1.3835,-1.9702,4.8094,-8.3274,-6.5985,-3.7283,-1.6389,-1.3573,3.6055,0.9979,-1.3346,-2.8554,-4.2849,1.4426,-6.4569,-1.1533
LDHB,-0.7398,-1.932,0.7111,-1.3918,1.9218,-6.6501,-5.435,-1.87,1.3989,-4.0735,0.2117,0.1675,-0.7498,-4.2926,-2.1661,-1.1053,-4.9605,-1.2839
EIF5B,-2.6684,-0.3321,-0.5974,2.9431,3.6739,-11.806,-9.4222,-3.9021,-1.6214,-2.8301,-0.7817,-1.428,-2.0631,-5.4601,-6.1961,-2.4051,-7.9231,-0.5803
CACTIN,-0.7535,2.5987,0.0326,1.1471,3.1108,-8.3052,-5.7728,-3.3888,1.1133,-3.3487,6.0932,-0.6582,-2.2727,-5.6326,-3.5651,-1.5162,-4.2551,-2.3235
BRD2,-3.8152,2.0292,-4.5683,-3.6157,-0.5887,-10.3828,-9.9115,-2.8661,-1.6617,-5.3958,-3.6833,-2.4761,-1.5139,-5.7934,-5.8097,-4.0721,-7.1589,-2.9751
DDX46,0.3242,1.8429,-5.7601,-2.5233,-4.3091,-11.8315,-9.9434,-6.3104,-0.7699,-7.5958,-4.64,-4.8248,-3.286,-2.7364,-5.9807,-7.5443,-9.0814,-5.8589
NACA,-1.98,-2.1995,-1.4038,0.293,5.9115,-15.1244,-11.8015,-7.3824,2.1999,-5.6296,2.2918,-3.229,-5.4148,-8.235,-5.3776,-4.6613,-9.8565,2.6433
CPSF2,3.5314,4.152,2.7373,4.6542,-0.6712,-3.408,-4.6716,1.5739,5.1199,-3.6118,-0.5851,1.3948,1.2336,-1.7137,1.0167,-0.0215,-3.4584,1.8879
MCM3,-2.0305,-2.6632,2.463,4.2782,-0.2937,-8.4722,-7.1497,-4.0592,0.5787,-4.0151,0.3724,-1.0987,0.1037,-3.1296,-5.0288,-2.0935,-6.2356,2.5169
KLHDC4,0.4755,-0.6323,1.4957,-0.1561,2.0607,-5.2068,-3.4519,-1.767,-1.3239,-0.0477,2.6692,0.1293,-2.2924,-2.8884,-3.2889,1.6618,-3.4678,3.1929
EEF2,-1.7561,-0.9464,1.0194,-1.5637,1.5958,-6.8272,-7.4758,-2.183,0.9403,-5.1346,2.3141,-1.2629,-1.427,-5.8116,-2.9393,-2.8773,-5.8952,-1.4656
EIF4B,0.7353,1.5105,1.4889,-0.7468,-0.2799,-6.4803,-2.6953,-1.5424,-0.7726,-1.9712,-2.1535,-1.6606,-0.8104,-3.3883,-3.2438,-1.3227,-4.739,3.1896
TSR1,-0.8419,-1.6937,1.3884,2.7709,-1.4514,-8.5986,-7.0778,-3.2348,-1.0782,-3.772,-1.0651,-2.4758,-2.1679,-5.7523,-4.6836,-3.5339,-6.2515,1.756
TOP1,-0.5429,-0.7258,2.7206,1.4704,0.0589,-5.3509,-3.1445,-0.3673,-0.4063,-3.3903,0.0847,2.2128,0.1677,-2.8213,-3.3732,-2.894,-0.7806,-0.7847
LRRC47,-0.0847,0.0487,-0.6586,0.498,0.1251,-5.4267,-4.4945,-2.5691,-0.1524,-2.753,-1.9138,-1.5141,-0.4006,-1.2278,-1.8339,-2.2232,-3.5938,1.8734
DYNC1H1,3.6447,3.7836,5.5229,4.6162,6.3924,2.8109,-0.7226,-0.4817,2.6926,-1.0177,0.1802,7.1583,3.709,1.7768,2.9244,0.9038,1.7974,4.4988
EIF3A,-2.0021,-1.1255,0.5223,-0.929,0.5729,-5.8032,-5.0908,-2.9062,-1.4696,-2.2023,1.1679,2.2813,-1.304,-4.5607,-1.1295,-2.3295,-4.0406,-0.5057
SNRPD3,-1.3977,-4.2643,-3.1721,-4.79,-0.7398,-12.15,-9.316,-5.3673,-3.0654,-5.7796,5.9108,0.1183,-6.6189,-7.9967,-5.5421,-5.0501,-8.4472,-5.6834
RPLP1,-0.1559,-0.4192,-0.2965,-1.3781,1.5408,-4.4208,-3.7404,-1.8831,2.1275,-1.4143,4.9294,0.7111,-0.2253,-2.3879,0.0258,1.047,-3.6042,-1.5065
MFAP1,-0.8619,-2.9275,-2.1219,1.2396,5.1712,-10.7793,-9.3164,-6.1804,-2.6996,-4.0941,5.1524,1.531,-3.2261,-5.9236,-5.0207,-2.0139,-6.9475,-5.2174
RUVBL2,-2.7151,-2.8004,1.6194,-0.2112,0.2238,-1.3671,-5.2128,-2.2212,-1.2449,1.5038,-1.6651,0.0198,2.6745,0.3387,0.5496,-3.318,-2.2172,-0.2281
RUVBL1,-0.6842,-0.9023,2.5724,2.3447,-0.6529,2.0144,-2.4442,-0.8236,1.1456,4.052,1.8709,2.4944,3.3594,3.316,2.7104,-0.6333,-0.5352,-0.1262
DDX41,4.7802,-2.9377,-3.872,-0.7545,-3.537,-8.3631,-7.5466,-4.389,0.7587,-5.2528,-3.4989,-0.5399,-3.6985,-2.9588,-5.286,-5.4066,-5.7224,-1.7791
GPI,1.6703,1.8846,1.4804,1.8325,5.3558,-4.6723,-4.6368,0.0116,2.9895,-2.5049,3.1718,-0.0237,1.5766,-3.9841,-0.6953,2.1213,-4.3563,-0.4824
AATF,0.3901,1.7941,1.425,2.9302,1.8191,-5.3124,-4.4194,-1.7546,1.4943,-2.8646,0.7576,-0.5756,-1.302,-3.0527,-2.1787,-1.6907,-2.7382,2.0186
DKC1,-2.4368,0.0679,0.5749,-1.2366,1.5743,-4.1308,-0.7429,-0.0931,-2.6428,-1.4894,-0.3403,-1.7241,-2.0356,-3.9013,-2.8102,-0.5296,-0.5453,-1.7427
CDC37,-0.5839,0.8022,-0.1274,0.261,1.7912,-3.1057,-3.1111,-1.309,1.236,-1.8157,0.502,0.2948,0.23,-2.103,-0.7288,-1.3038,-2.3931,1.3087
GRWD1,-1.2755,-2.8677,-2.1493,1.5169,-1.3804,-4.9481,-4.7196,-3.1419,-1.8525,-3.6527,-2.4113,-0.4308,-1.3375,-4.4009,-3.5902,-2.8433,-4.2181,-0.9442
SPTBN1,5.848,6.2666,4.9695,1.5354,6.4178,-4.2607,-5.4055,2.089,5.3395,-4.4308,-1.0373,5.8599,2.5161,0.0593,4.3352,2.1323,-5.1263,3.3152
SPTAN1,3.0643,-0.2558,0.1873,-0.7675,2.5505,-7.5281,-7.7676,-1.47,3.2478,-5.7849,-1.9021,4.5743,-0.4597,-3.5305,0.2042,-1.9215,-6.6914,-0.818
SPTAN1,3.3169,5.646,0.2805,-0.6933,2.5632,-7.4255,-7.2454,-1.4017,3.4716,-5.4652,-1.7795,-3.9238,-0.4087,-3.5377,0.2571,-1.8135,-6.6041,-0.8232
HNRNPA2B1,2.028,-4.5784,-3.7894,-1.7297,-3.755,-10.8699,-9.276,-5.4277,-2.919,-6.7674,-2.899,-4.7872,-4.4928,-7.9832,-6.4113,-3.1755,-6.8933,1.9441
PKM,-0.1754,1.1367,0.5432,2.2446,4.917,-7.0338,-5.9811,-1.9294,0.9177,-4.7966,2.712,1.6881,-0.8774,-4.6508,-3.2065,-2.2509,-5.3249,0.9356
CPSF3,1.7521,-1.4432,1.1384,1.3761,-3.6463,-8.5462,-5.7049,-2.0422,0.9173,-5.4503,-3.9335,-1.5304,-0.1904,-3.0529,-3.2523,-4.7885,-6.202,2.4618
PCBP2,3.0973,-0.4454,-1.6529,2.2766,1.729,-1.6037,-3.7367,-0.3389,1.9345,-1.0864,3.5427,-0.2653,-0.098,-1.6147,-1.3615,0.6968,0.0146,-0.4707
HNRNPA1,2.9733,-0.3108,0.482,1.5576,-0.2709,-5.7996,-3.5449,-0.9042,-1.0755,-3.5384,-0.9616,-1.5813,-2.672,-4.6369,-3.3487,-1.9012,-4.4212,0.858
PDIA6,1.9545,1.1798,-0.1156,1.2819,0.7986,-4.1788,-3.1266,-0.5655,1.9701,-2.9452,-0.2365,0.1493,-0.0998,-2.527,-1.0599,-1.0566,-2.8348,-0.6484
HNRNPU,0.7336,-2.8525,-1.1215,0.0302,0.5358,-6.9044,-5.1508,-2.3589,-1.6246,-2.8599,-0.0466,0.9927,-3.5076,-3.8788,-3.2916,-1.7012,-5.0891,1.7472
DHX9,-0.95,-0.6864,2.4736,-0.7513,1.7724,2.9134,0.2976,0.4785,-1.4817,1.3134,0.1366,1.0257,2.9688,2.945,1.0743,1.3547,4.1363,1.6287
MTHFD1,-1.1116,-1.2958,0.6375,1.2962,1.9992,-0.966,-2.2838,-1.3827,-0.5605,-2.6169,-0.8688,-0.3344,1.9141,0.805,-1.8827,-2.0726,-1.5396,-0.7766
SUPT5H,0.9329,0.9395,3.3845,2.9926,2.3942,-4.2194,-2.8164,-0.7367,1.0552,-2.2345,1.1497,1.3017,-1.1139,-1.0658,-0.9579,-0.3544,-1.4257,4.642
TRIM28,-0.6109,0.826,0.3702,-1.1277,4.0045,-1.3099,-1.6408,-0.1039,0.1775,0.6139,2.7847,3.045,-0.4377,-0.8609,1.7724,0.5755,2.9221,0.0828
EIF3B,-0.4794,0.1614,-1.1327,1.0623,-0.3344,-3.747,-3.8921,0.101,-1.1681,-1.7,-0.0254,2.8261,0.2872,-2.2006,-0.1043,-2.2517,-1.7527,-0.6296
HSP90B1,0.094,0.9951,0.9696,-1.3502,1.5495,-3.7079,-2.561,-1.1291,0.748,-1.6018,-0.3099,0.1789,0.0237,-2.713,-0.623,-1.5622,-1.0847,-0.6616
FASN,1.2974,2.3978,1.8271,-0.3905,2.1695,1.5658,-1.3106,1.9276,2.8481,1.0705,-0.3804,2.4591,2.2083,2.6664,2.4616,-0.5304,2.8353,2.7732
PUF60,3.4167,-1.7325,4.3994,-5.6159,-2.305,-11.3438,-9.9124,-7.2114,-0.1411,-4.758,-1.1793,0.7397,-6.4707,-4.0788,-8.6624,-5.823,-8.9511,2.7271
HIST1H2BK,-1.2947,-0.8493,-0.752,-1.0224,0.7875,3.0456,3.4255,1.3867,-1.0223,-1.4552,2.2031,1.1568,-1.2491,-0.3526,1.4687,0.8868,-1.6593,-1.4474
HIST2H2BF,-1.3509,-0.8435,-0.7566,-1.0556,0.7764,2.7588,2.7767,1.3985,-1.0674,-1.5432,2.3148,1.1176,-1.3353,-0.4466,1.4904,0.9627,-1.7795,-1.4395
HIST1H2BJ,-1.2312,-0.784,-0.6798,-0.9759,0.7826,2.5005,3.0386,1.2878,-0.9197,-1.4024,2.152,1.1919,-1.1855,-0.3505,1.4458,0.8775,-1.5669,-1.4996
HIST1H2BO,-1.2822,-0.7907,-0.7343,-1.0268,0.7242,2.3188,2.6352,1.2331,-1.0186,-1.5248,2.1772,1.139,-1.2438,-0.3928,1.4239,0.8792,-1.708,-1.4053
RPL23,-0.3946,0.2507,1.9038,0.6098,-0.1564,1.2777,1.2478,1.6783,-1.135,-0.284,1.8739,1.5668,2.1581,1.9501,0.3329,-0.1341,-1.4083,-1.0327
HIST1H2BL,-0.8307,-0.1975,-0.18,-0.4202,1.229,2.7222,2.666,1.3396,-0.3793,-0.9851,2.6046,1.7552,-0.6809,0.3407,1.7499,1.4782,-1.023,-0.959
HMGA1,1.9007,0.7647,0.4087,-0.4966,0.1959,-1.8112,-0.3385,0.5444,-0.3164,-1.1181,-0.6328,-0.1752,-0.3046,-0.5855,-1.0723,-0.6642,-0.5256,1.3352
RPL22,3.2283,1.8619,1.2535,1.0346,-0.7536,-1.3026,-1.8729,-1.2492,-0.5551,-0.6868,0.059,0.2071,0.8367,-0.8275,-1.303,-0.6449,-1.63,-0.8431
MDH2,-0.235,-1.3818,0.0528,0.2723,0.8674,-5.0563,-4.4737,-1.8357,1.8458,-3.0988,0.0237,0.1819,-1.8251,-3.928,-3.3002,-1.2824,-3.8645,-0.3617
EIF4A1,0.5136,-0.2314,1.0294,1.3164,0.0273,-6.0718,-4.9293,-2.1692,-0.6288,-2.8853,0.2695,0.1718,-1.1109,-3.6106,-3.977,-2.5824,-4.031,3.007
BASP1,1.6641,0.8373,0.7093,0.0915,0.2004,-2.815,-1.7257,-0.0197,1.246,-1.6014,0.5545,-1.0706,0.6628,-0.5587,-0.398,0.4386,-1.8293,-0.0695
HNRNPH3,-2.539,-2.996,-2.0524,-0.2361,0.3502,-6.1256,-5.0185,-3.626,-2.9724,-2.2925,1.761,0.8278,-3.0332,-4.9226,-3.8494,-3.2614,-4.5064,-1.3612
SUCLG1,-1.1436,-0.5535,0.2094,-0.1791,-1.0072,-2.7341,-2.1795,0.0656,-0.9567,-0.6466,-1.3447,-1.3295,2.1835,1.7273,-0.2302,-0.4685,-1.2,-1.0686
SUPT16H,-3.0151,-3.3208,-3.2645,-2.3079,0.3605,-3.4024,-3.8902,-3.4083,-2.0418,0.378,-2.3837,4.7805,-0.4419,-1.4901,-1.4344,-2.0165,3.8611,-2.7092
NOP58,-2.6925,-2.2596,2.9023,-0.912,0.3457,-3.9135,-3.7668,-3.0275,-3.1745,-3.4018,-0.9122,-2.8245,-1.1688,-0.8708,-1.7653,-2.5167,-3.7571,-1.8461
PABPC1,-1.2367,0.4898,-0.9967,1.6838,4.3144,-3.392,-2.2889,-1.5864,1.06,-1.4009,4.1945,-1.3626,-0.8628,-2.3767,-1.6854,0.1403,-3.0086,0.5053
PAXBP1,-3.6155,-1.6402,-2.2909,-2.3473,-3.4423,-7.3757,-6.2574,-4.4737,2.6785,-4.761,-3.3329,-3.2918,-4.2149,-2.3508,-4.5708,-4.5762,-5.704,-3.2184
ABCF1,-0.2905,0.8156,0.5848,0.0966,1.7125,-5.2866,-3.9753,-3.0374,-0.574,-3.1792,-1.1677,0.6413,-0.2288,-2.3575,-2.5775,-2.2243,-4.0375,3.4831
DDX42,2.1083,-0.0619,0.702,1.7653,-0.2638,-2.9727,-3.0895,-1.329,1.9915,-2.1716,-1.2167,1.9106,0.1646,-1.8722,-2.4851,-0.4811,-2.7297,3.1618
XRCC5,-0.6612,0.1433,-0.1867,-0.6627,3.0871,-0.8555,-2.2845,1.4355,-0.5835,-1.1985,1.8533,1.6602,-0.814,-1.3657,-1.1979,0.8798,-0.4809,2.2046
AP3D1,-2.9843,-2.0112,-3.2106,-1.9426,1.7646,-5.8686,-4.7095,-3.5275,-1.1688,-2.4434,-0.4248,-1.2924,-2.374,-3.3372,-3.3105,-2.7524,-4.683,-1.7575
CPSF1,0.4878,-1.0823,0.2969,1.6306,-1.1704,-1.3908,-2.6868,-1.7793,0.3118,-2.3364,-0.1216,1.3296,-0.7487,0.2321,-0.2961,-1.4221,-2.5481,-0.3041
MAP1B,2.3933,0.8997,4.007,2.1388,2.57,-0.3917,-1.0194,0.7775,1.66,-1.4462,-0.6782,2.127,-0.447,0.5126,3.4621,0.4468,-1.7988,0.9454
H2AFZ,-2.6664,-4.09,-2.2351,-2.502,-1.8074,7.0182,9.9795,0.4363,-1.7066,-2.7128,-2.6285,-2.0591,-1.6394,-2.5268,-2.7683,-3.4847,-3.1641,0.0497
PDCD6,3.8601,2.0907,2.586,1.5409,-0.733,-3.4389,-3.3009,1.1738,4.0859,-1.7981,2.5739,2.7938,0.4509,0.9804,-2.9243,-0.7612,-3.4898,-1.2328
PFN1,-0.3828,-0.8272,1.2113,-1.3048,0.7095,-5.4761,-4.4767,-2.1163,-0.2401,-3.3311,0.6094,1.6729,-2.3954,-3.3876,-2.9583,-0.9758,-3.8957,-0.9529
FBL,-1.9312,-1.8695,2.4496,-1.6248,0.4502,2.143,2.4838,-0.304,-2.0828,-0.5099,0.5402,-1.6477,3.1655,1.4219,-0.6894,0.2124,2.534,-1.5125
RPLP0,-2.1272,-3.0749,-1.8196,-0.1471,3.2333,-2.9376,-3.9744,-2.8012,1.2274,-0.1438,4.5646,3.0875,-1.4502,-3.3708,-2.563,0.116,-3.4079,-2.6824
YWHAB,2.1041,0.3317,1.7009,-0.6845,1.6821,-1.1728,-2.4898,-0.2124,1.3913,-1.6764,0.7171,-0.811,1.2897,-0.3626,-0.6736,-0.796,-0.7306,0.2846
NOP56,-1.4274,0.2748,3.2465,0.2879,1.005,0.256,-1.0992,-2.1144,-1.536,-1.9788,0.2785,-0.1513,2.289,1.3016,-1.4578,-0.4838,0.8976,-1.7477
SSRP1,-2.6585,-1.6106,-2.5693,-2.1967,0.0864,-4.9729,-4.007,-2.0931,-1.4013,0.8352,0.324,4.6588,-1.0329,-3.3137,-2.4275,-2.1364,0.81,-2.7577
SKIV2L2,2.1678,-2.7558,-0.4327,2.0355,-3.3361,-7.5856,-6.4675,-3.5143,-1.107,-4.8384,-3.3203,-1.5856,-3.2297,-5.1259,-5.2925,-4.5794,-5.5146,1.5703
EIF5,-0.2231,-1.4073,0.0675,-0.0926,-0.0468,-3.5686,-3.2854,-2.3183,-1.6239,-2.6813,1.7704,-0.713,-1.3634,-3.0944,-2.9529,-1.551,-2.0538,0.1982
QARS,3.1008,1.5007,2.0084,1.3132,-0.355,-1.978,-1.6189,0.0372,0.87,-0.7132,-0.6979,-0.7018,0.269,-1.8222,-0.0984,0.2111,-2.005,2.4965
MSH6,-1.4856,-1.138,0.7045,-1.8229,1.8382,1.39,-0.304,0.8576,-1.2064,-1.6358,-0.1525,-1.0973,2.7932,5.2443,2.4388,-0.7971,-0.6296,-1.7606
LENG8,-1.2324,-0.5003,-1.7316,-2.0992,2.1409,-4.1427,-3.5863,-2.3919,-1.1579,0.2241,0.093,2.643,-0.6717,-2.7574,-1.3384,-1.915,-1.8512,-2.007
ATPIF1,-2.1742,-0.8705,0.6085,-2.1476,-1.7593,-4.4054,-2.0259,-0.6274,-0.7447,-2.7248,1.7811,-0.587,-2.2804,-3.6439,-2.8037,-0.8265,-0.9877,-0.1463
SF3B4,0.7679,0.1129,2.6313,2.6374,-3.062,-7.1621,-6.5216,0.1352,-0.9015,-5.0568,-3.5259,-3.6095,-2.0949,-4.7799,-5.4139,-4.0679,-5.7799,-0.7709
PSMC4,-0.432,-0.9011,2.0998,0.2005,-0.6658,1.4708,-0.8879,-0.3474,-0.061,-1.6941,-0.2652,-0.894,2.8339,3.418,2.1213,-2.0681,1.6028,-0.3647
DDX46,-5.0245,-1.8826,-3.6788,-0.9416,-4.2398,-10.3682,-7.0793,-5.6557,-1.9138,-6.5954,-4.3235,-0.2466,-5.4393,4.111,-6.5281,-5.9197,-7.4221,-3.491
LUC7L,0.8144,1.6241,0.9186,1.1097,-0.6489,-2.9804,-2.9006,-1.3841,1.1753,-2.124,-0.0722,0.4888,0.6481,-1.9253,0.8269,-1.4924,-2.5443,-0.2803
DNAJA1,-1.2262,-0.5809,-0.3065,-1.6282,0.8707,2.2131,0.295,-1.6031,-1.1381,-1.32,-0.9769,-1.6318,0.9918,1.0178,0.8852,-1.004,0.2491,-0.8888
POLDIP2,2.6482,0.2765,1.7022,1.9781,0.6293,-2.5675,-1.6808,-0.1717,0.9508,-0.9557,-0.4667,0.3565,1.4696,-1.2959,-0.9666,-1.403,-0.4924,1.0203
EIF3I,0.3328,0.2982,0.9062,0.7573,0.5524,-1.9435,-2.6257,0.3346,0.7474,-1.3084,-0.3798,1.9945,0.7786,-2.4439,-1.2798,-0.8805,-0.252,1.2481
OAT,-0.9783,0.4149,0.7901,-1.0229,1.099,0.8895,0.2452,-0.0738,-0.3134,-1.8631,-0.7878,-1.0467,2.1033,1.4955,-0.9212,-1.5571,0.0272,1.7108
GALK1,0.4571,-1.1421,1.4475,2.3296,-0.1161,0.1618,-1.9677,-0.095,-0.0622,0.1823,-0.4595,0.8746,2.1793,1.1178,1.175,-1.173,-1.1046,0.0038
CALR,-0.0455,-1.492,-0.9423,-0.9376,1.782,-4.4703,-3.6642,-0.9672,-0.4225,-2.7771,-0.925,0.2441,-1.1676,-2.552,-1.4505,-1.2465,-3.3191,-0.883
NOL10,0.4839,1.3445,2.9126,1.6135,1.6547,-2.4287,-2.294,0.6595,0.3006,-0.6573,-0.0675,0.8587,0.6946,-1.129,-0.9428,0.0638,-1.5101,2.0187
HIST2H3D,-3.0936,-4.1614,-0.7369,-3.631,-2.7645,4.074,3.2773,0.7033,-4.5487,-3.3069,-2.8648,-1.1715,-3.7768,-3.9794,5.9015,-4.2156,-0.9141,-3.0876
CBX1,0.3539,1.216,-0.7852,-0.9686,-1.11,2.5669,0.8755,-2.0267,-0.4258,-2.2237,-1.1252,-1.0415,-1.4285,-2.3387,-1.9964,-0.7119,-2.5311,3.2846
SERPINH1,-1.5515,-3.3704,-0.568,-2.0646,-2.375,-1.804,-1.5336,-1.791,-2.8776,-2.4853,-1.9937,-1.8873,1.7572,-0.7481,-2.0301,-3.0982,0.5752,0.8384
TMA16,0.3756,0.5331,0.2068,1.6018,-0.758,-3.0367,-2.1988,-1.0495,-0.5725,-1.7487,-0.7374,0.4978,0.2191,-1.3538,-0.1573,-1.4727,-2.1735,0.8656
TUBB4A,-1.8122,-0.4122,0.1712,-1.7849,-0.1115,-1.6339,0.6883,-0.5969,-1.7219,-2.057,0.1074,2.1056,0.8755,1.9435,-0.6987,1.0016,-0.0073,-0.9036
DLST,-0.1868,-0.6051,0.7935,1.1264,3.2032,-3.2076,-2.8153,-1.7583,2.1154,-2.5626,-1.4641,1.0671,-0.6171,-2.8569,-1.5031,-2.1476,-3.0161,0.2889
TIMM50,0.2776,-0.7338,1.7002,1.8399,-0.4447,0.5767,-1.0764,-1.27,1.4514,-1.3982,-0.4298,-0.0466,0.987,1.2734,1.2994,-1.0209,-1.0353,1.6792
PFKP,-0.7428,-0.1565,2.0643,-1.1028,-0.1414,2.6302,2.4779,0.9448,-1.3885,-0.7105,-0.5664,-1.109,3.0161,2.7082,1.6069,0.1508,3.2045,-0.7067
TUBB2B,-0.8446,-1.3492,2.8561,-0.9586,-0.7053,-0.1761,0.3082,-1.378,-1.4634,-1.4424,-0.6552,0.8423,2.7026,4.017,-1.203,-1.6161,-1.1907,-0.4083
PSMC3,-0.7022,-1.4114,1.0993,1.5427,0.1008,-2.505,-3.2565,-1.5637,-0.6994,-2.1044,-1.1989,1.711,1.5537,0.2859,-1.9897,-1.8932,-1.4203,-1.7711
TUBB2A,-0.9711,-1.5095,1.7126,-1.0207,-0.7572,-0.2935,-0.1267,-1.4968,-1.584,0.9948,-0.7502,-1.5911,2.1865,2.392,-0.7711,-1.747,1.8593,-0.5272
YBX1,-0.4225,-0.528,-0.9253,-0.8563,2.0161,-2.7386,-2.405,-1.4175,-1.5483,-0.4054,2.1138,0.5915,-1.2714,-1.1769,-1.438,-0.2825,-0.7958,-1.4039
IRS4,-0.6412,-0.3363,2.0558,-0.0527,-0.0175,3.5138,1.4328,1.4633,0.2943,-0.6074,-0.4263,-0.6052,3.6915,4.0281,3.027,-1.4363,1.1492,1.4185
EIF3L,0.1557,-0.5247,-0.0811,0.8757,0.5927,-1.559,-2.5525,-0.2257,-0.2781,-1.5921,-0.0063,1.8586,-0.0545,-1.79,-1.3258,-0.7117,-2.2138,0.6366
NOLC1,-0.2061,-1.0101,-0.5288,-2.9047,0.9846,-5.5926,-4.0066,-3.2943,-2.1553,-1.535,2.1308,-1.6548,-2.1493,-3.9127,-3.7744,-2.5138,-3.9734,-1.5369
IPO5,-0.5774,-0.5265,0.5986,0.528,0.932,-2.267,-1.906,-0.6155,0.7697,-0.568,-0.3893,2.5527,-0.1415,-1.082,-0.8803,0.5802,-1.3987,-0.8868
DYNLL1,-1.5179,-2.9915,-2.8624,-3.0641,-1.3856,0.4108,2.0203,-3.5409,-2.5,-2.804,-2.5657,-3.5585,-2.7279,-4.0218,-3.7064,-3.6474,-4.5008,-3.0438
DPY30,1.7911,-0.3137,0.3529,0.0371,-0.9501,-2.2158,-1.7232,0.9018,0.2995,-1.5159,-0.9276,2.1155,-0.3269,-0.0082,-0.9098,-2.0021,-2.0599,2.0892
PSMC1,-0.7019,-0.9403,1.5222,-1.1912,-0.1602,0.4264,-1.4007,-1.0788,-0.0147,-1.6577,0.2688,-1.0508,2.9694,1.9833,0.0793,-1.5565,0.9171,-1.0739
ECHS1,0.2547,-0.1059,1.261,-0.4038,0.2574,-2.6609,-2.1249,-0.149,2.0375,-1.5378,-0.4667,-1.0371,-0.5014,-1.3852,-1.7956,-0.7977,-1.8176,-0.302
PFKL,-0.3795,0.0584,0.0626,-1.0924,-0.1314,1.7932,1.7265,-0.7154,-1.0482,-0.955,-0.0573,-1.3696,2.4909,2.1548,0.6705,-0.1375,2.2181,-1.0308
PRMT5,1.3796,0.5064,1.2127,0.898,-0.0856,2.2387,0.8514,-0.6544,-0.794,-1.5466,-0.4744,1.9807,-0.4518,-2.1317,-0.4534,0.8865,-1.297,2.3239
GOT2,-0.1189,-1.2946,0.405,0.2836,1.7464,-3.2536,-2.6851,-0.3403,-0.3116,-1.8328,-0.4362,0.8249,-0.5723,-1.9236,-1.8513,-1.5462,-1.3259,-0.3416
GDI2,0.9187,0.7922,1.482,0.1845,2.1436,-2.71,-2.3036,-1.3671,1.3491,-1.5772,0.3656,0.6611,-0.8074,-1.909,-1.2255,-0.115,-1.7464,1.4662
XRCC6,-0.2403,-1.1093,0.3125,-0.6228,0.9757,-2.3135,-2.3707,0.2553,-0.4674,-1.1902,-0.667,1.6588,-1.0482,-2.398,-0.5513,-0.7455,-1.6476,1.3086
BOP1,-1.0997,-1.4273,1.414,1.5346,0.1984,-3.4818,-3.1444,-0.3445,-0.9318,-1.7453,-1.1874,1.1753,-0.0528,-1.7442,-1.814,-1.4926,-2.0941,0.4341
NASP,0.2373,-0.1616,-0.1729,-0.6943,-0.4489,-2.6928,-2.0761,0.7318,-1.2172,-1.4794,-0.468,1.9078,-0.7674,-2.0239,-1.4404,-1.3314,-1.7255,-0.9323
RP9,0.1441,-2.0147,-0.5208,0.6444,-1.1452,-3.3172,0.5991,-2.1097,1.3917,-2.2456,-1.1454,-0.4971,1.4665,1.7191,-1.0692,-2.2632,-1.927,-0.7442
FBN2,-6.2892,-8.4594,-6.3647,-5.7611,13.8554,-13.3384,-10.3809,-6.1087,0.0108,-8.4928,-5.7075,-2.073,-7.6217,-6.6902,3.572,7.4072,-8.5115,-5.844
HNRNPAB,1.2164,-0.2854,-0.2333,1.6342,-1.1153,-3.8045,-3.2142,-1.1441,-0.6425,-0.0061,-0.7273,-1.6177,-1.1283,-3.2388,-0.6306,-2.2148,-2.9613,1.8355
RPL5,-0.9343,-1.5186,-1.1251,-1.3584,3.4464,-1.0001,-1.7557,-0.0422,-0.9744,-1.0986,-0.7681,1.1752,0.8082,0.4428,-0.5259,-0.1983,-2.2128,-0.9599
MCM7,-0.6754,-1.1858,1.7711,-0.4769,0.2673,2.3561,0.4346,0.7,-1.3689,-1.2253,-0.5099,-0.7105,3.1162,3.7386,-0.1436,-1.1625,2.1322,2.2419
PSMD2,-0.6913,-0.1733,1.1122,-0.122,-0.5403,1.795,-1.535,-0.4927,-0.2632,-1.5723,-0.5223,-0.1352,3.8983,3.5561,-0.0204,-1.2132,3.3001,-1.0314
TRIP13,-0.641,-0.8322,-0.3978,-0.697,-0.5046,-0.8097,-1.5923,-0.6566,-1.2801,-1.5649,-0.4482,-0.9585,2.1797,1.998,-0.4711,-0.5548,2.5424,-0.9836
NUP93,-0.7002,-0.8954,2.0467,-0.0821,0.2366,-0.13,-0.6528,-0.751,-1.0636,-1.5843,-0.5217,-1.383,4.1089,3.4145,1.5428,0.3323,0.7736,-0.6661
LARS,2.1532,-0.7376,1.253,1.6296,0.0143,-0.3317,-1.5155,-1.3511,1.6024,-2.3062,-1.1894,1.8235,-1.1325,-1.0045,-1.5642,-1.9946,-1.5105,2.4428
P4HA1,-1.0059,0.4141,0.116,-0.4509,-0.7927,-2.4494,-2.5677,-0.8117,0.0591,-1.7779,-0.7474,-1.6257,1.884,-1.6193,-1.3477,-1.7608,-2.1355,-1.2806
DYNC1I2,-0.6462,-0.2806,-1.6955,-1.5603,1.6101,-3.8611,-3.2157,-1.8967,-2.327,-2.2556,-1.1778,-0.6238,-0.8598,-2.7787,-2.1811,-1.846,-2.7575,-1.4472
GPATCH8,-2.6014,-2.9837,-2.6795,-2.1095,2.3437,-5.3001,-4.4595,-2.9887,-3.1755,-0.872,3.1818,-2.1401,-2.7915,-4.1326,-3.6857,-1.4566,-4.0003,-2.5753
U2AF1,-1.4222,2.4307,0.8384,0.6469,-1.1581,-3.3197,-3.2728,-0.0907,1.5173,-1.1437,4.347,-2.1778,-0.886,-3.1114,1.8145,-0.7697,-1.6355,-0.3947
CFAP20,-0.1987,-0.4202,-0.9188,-1.3613,-0.0282,-3.4014,-1.8344,-1.9262,1.3059,-1.4455,0.3336,-0.873,-0.1515,1.9418,-2.1887,-2.0913,-2.5445,-0.9653
PGRMC1,-0.3523,-0.4357,-0.8761,-0.7776,-0.4934,-2.5757,-2.258,-0.7792,-0.9024,-1.4787,-0.4975,-1.3176,-0.5466,-1.0785,-1.7259,-1.4246,3.4393,-1.0041
DNAJA2,-1.5317,-2.083,1.5952,-1.8918,-1.2529,0.941,0.9137,0.2346,-2.3367,-2.213,-1.2171,-2.1403,1.7782,1.4077,1.1531,-2.2652,1.1631,-0.6876
PSMC2,-0.6579,-0.981,0.8102,-0.7454,-0.548,-1.3691,-2.3737,-0.9989,-1.0782,-1.6195,-0.5512,0.3346,3.2618,1.9258,-1.525,-1.4902,1.6034,-1.0453
PRDX4,-0.5468,-0.7618,-0.6667,0.682,-0.0554,-1.1958,-1.8457,-0.3121,-0.8469,-1.4231,-0.4075,1.6874,0.356,-1.529,-0.2863,0.6015,-0.7778,-0.885
NAP1L1,-0.2571,-0.8641,0.4159,-1.1182,-0.0442,-2.3559,-2.4044,-1.0045,-0.5238,-1.6339,-0.4644,1.143,-0.7855,-0.7707,0.342,-1.0492,2.0703,1.0853
KPNA1,-0.6581,-0.4995,-0.1767,0.4457,0.6661,1.8793,0.8245,-1.3866,-1.3154,0.9327,-0.4714,1.9059,-0.8309,-1.4687,-1.7847,0.0276,0.8159,0.0255
NUDC,0.2982,0.1009,-0.4512,-0.3286,-0.4965,-2.2753,-2.2011,-1.2477,0.4399,-1.5092,-0.4596,-0.9298,-0.4366,-0.8318,-0.2612,-1.1287,-1.7444,2.4345
PSMC6,-0.7059,-1.2618,-0.9096,0.5704,-0.6185,-0.9688,-1.8986,-1.1175,-0.8802,-1.6785,-0.5739,0.4355,2.2539,-0.5978,0.0063,-1.5991,-1.4372,-1.0909
KPRP,-0.6281,-0.5426,1.3107,-1.0194,-0.4892,-1.8773,-2.2308,-0.6278,0.4561,-1.4488,2.0997,-1.251,-0.4714,0.342,-0.2702,-1.4187,-1.5061,-0.9499
SLU7,-1.316,-0.6739,-1.2633,-0.2634,1.6651,-3.6424,-3.1045,-1.949,-1.8478,-1.9446,0.8626,0.1411,-1.2305,-2.9298,-1.485,-1.081,-2.5059,-1.5391
HIST1H3D,-1.3304,-1.8907,-0.9468,-1.711,-0.7772,5.4065,3.4503,3.358,-2.1696,-1.7202,-1.0683,1.3506,-1.2841,-0.4418,5.1892,-1.8997,0.681,-0.157
HIST1H2AK,-0.9821,-0.9039,-0.7922,-0.6212,1.4847,-3.8938,-3.2304,-2.085,-0.1183,-1.6757,4.3144,1.5662,-0.9146,-2.2286,0.0921,-1.0861,-1.9165,-1.4422
TUBG1,-1.8965,-2.3207,-0.8813,-2.4102,-1.8078,0.0609,-3.5683,-1.004,-3.1532,-2.9249,-1.706,-2.7142,2.17,1.6724,-0.673,-2.9195,-2.2784,-1.8027
SLC25A3,-0.5441,-1.0993,0.1827,-0.9183,-0.3917,1.3484,0.8217,0.1652,-1.2124,-1.1287,-0.3633,-1.1493,0.7349,0.923,-0.0708,-1.3479,2.2311,-0.9025
PSMC5,-0.7118,-1.2762,0.2881,-1.1306,-0.563,-1.5474,-2.0784,-1.3491,-1.3508,-1.5787,-0.5416,-0.548,2.4508,1.3435,1.366,-1.1776,-0.0705,-1.0289
SSB,-0.7323,0.4307,-1.1638,-1.607,0.5274,-3.5406,-2.8491,-0.6396,0.9543,-2.127,-1.009,-1.9359,-1.1621,-2.6267,-2.3566,-1.7489,-2.5082,2.3227
NAMPT,-0.7464,-1.1856,-0.2378,-1.1594,0.2117,-1.3171,-0.7355,-1.3654,-1.3709,-0.2601,1.2057,-1.3579,1.7768,0.1948,0.0351,-1.5122,1.0626,-1.0634
TRAP1,-1.0164,-0.0698,0.1803,-0.4074,-0.8502,-3.1953,-2.6861,-1.1026,1.5197,-1.9525,-0.8399,1.7332,-0.5856,-0.7956,-1.948,-1.8361,-2.2271,1.217
PPP2R1A,-0.6801,-1.2944,-1.18,0.289,0.2609,-2.8644,-2.7382,-1.6333,-1.7726,-1.834,-0.7656,-1.0785,-0.894,-2.5507,-1.619,-1.7883,2.0972,0.1484
SEC63,0.6372,-0.6873,1.3147,-0.6874,-0.8571,-2.5435,-1.5094,0.3761,0.3461,-1.9989,-0.8069,0.8675,-0.004,-1.5888,-1.8443,-1.1871,-0.3693,3.2188
CTTN,-2.4965,-2.658,-1.6064,-2.6047,-1.4353,-5.1349,-4.2365,-2.817,-1.6913,-3.0462,-1.9656,-1.6701,-1.5672,-4.192,-3.1845,-2.7677,-3.7959,2.011
TPR,3.0503,-0.4106,1.5461,0.0281,-2.9183,-6.648,-5.5875,-3.8926,1.465,-4.1748,-2.9055,0.4043,-2.0656,-5.0751,-1.05,-4.1702,-4.8947,-0.4119
MARS,-1.4413,-2.0621,-0.3645,-1.521,-1.241,-1.3344,-2.618,-1.8115,-2.2888,-2.2729,-1.1685,-1.5738,1.0556,0.1449,-1.9757,-2.1827,1.6669,-0.858
GPATCH1,-0.3666,0.1058,0.79,2.1162,-0.0426,-2.2564,-2.4143,-1.4076,1.4581,-1.5969,0.3843,2.0928,0.572,2.3269,0.7884,-0.0595,-1.8854,-1.0305
MCM2,-1.0425,-0.7358,-0.8534,-0.1661,0.3141,-3.4,-2.7796,-1.6324,-1.2118,-1.3501,0.0247,-0.0543,-0.5993,-2.3446,-1.8823,-0.9789,-2.2169,2.9911
FLNA,0.871,1.7789,-0.9033,-0.1157,4.0321,-3.9787,-3.4431,-1.8415,-2.0273,-2.6281,-1.4643,5.2845,-0.3016,-2.2741,-2.5269,-0.0576,-2.9726,1.4127
RBM3,0.714,-0.888,0.1092,-1.0449,-0.4995,-2.9045,-2.2524,-0.1601,-0.6075,-0.9356,-0.4675,-1.2628,-0.2212,-1.9229,-1.7458,-1.1324,-1.8197,1.9069
WDR61,-0.9246,-1.4567,-1.0976,-1.2751,-0.3294,-2.8323,-2.5101,-1.2801,-1.598,-1.1993,-0.7076,-0.9531,0.0286,-0.3976,-2.0435,-1.1219,2.5179,-1.2079
HNRNPA3,1.0591,-1.2581,-0.1693,-0.4326,-0.4974,-3.8387,-3.1725,-1.0162,-1.2371,-2.0621,-1.1329,-1.0518,-1.6329,-2.8135,-1.9594,-1.0235,-2.7359,1.7397
NDUFS2,-0.6364,-1.1999,-0.1485,-1.1133,-0.5064,-0.341,-2.072,-0.3743,-1.3634,-1.5702,-0.4554,-0.9926,0.7498,0.6634,-0.1098,-1.169,1.8365,0.2821
CSE1L,-1.6709,-1.9982,-1.7516,-1.7251,-1.0166,-2.874,-2.6435,-2.0212,-2.4803,-2.5105,-1.3807,-2.0557,-1.8041,-2.4856,-2.8427,-1.9646,4.8898,-1.8668
NSRP1,0.2053,-0.5931,-0.7557,1.9232,0.8196,-2.7354,-2.2141,-1.306,-0.3568,-1.5103,0.3234,-0.6777,-0.4544,-1.2697,-1.7144,-0.3164,-1.7852,-0.9436
MMS19,-0.6458,-0.9125,0.0434,-1.1186,-0.5618,0.2708,-0.2292,-1.0777,-1.299,-1.6171,-0.4848,-1.4293,1.4543,1.8652,-0.1191,-1.541,1.9115,-1.0268
DSG1,-0.102,-1.4993,0.2286,0.7274,-0.7692,-3.3013,-2.4601,-1.5848,0.513,-1.7183,2.733,-1.5465,-0.8575,-1.6774,-1.0726,-1.7014,-2.1236,-0.8896
EPRS,4.5268,-1.9412,-1.561,-1.4228,-1.0735,-3.0304,-3.1205,-2.0503,-2.0916,-2.1849,-1.0515,-1.9856,-0.6605,-2.2479,-1.5113,-0.4103,-2.1413,0.8934
XPO1,-0.6783,-1.1932,-0.8409,-1.099,-0.5787,-1.2712,-2.1102,-1.3933,-1.3625,-1.6364,-0.5255,-1.4335,-0.5269,-0.2954,-0.5361,-1.6128,2.2102,-1.0445
WDR33,1.5646,-0.2766,0.7242,0.0467,-0.4778,-1.9418,-2.2668,-0.9379,0.4943,-1.548,-0.3667,-0.6804,-0.7642,0.2815,-1.0016,-1.4996,-1.7929,0.6264
H3F3A,-0.6925,-1.2091,-0.8622,-1.0913,-0.5335,0.1832,-0.6347,0.7134,-1.3317,-1.5559,-0.4856,-1.302,-0.7987,-1.3958,1.5842,-1.4819,-0.3365,-0.267
TACO1,0.5238,-0.3773,1.1344,2.1,-0.4823,-2.6624,-2.2927,-0.1479,-0.605,-1.56,-0.453,-1.0124,-0.8286,-1.6684,-0.2815,-1.1558,-1.7904,2.4578
SLC25A5,-1.0859,-1.6189,1.9003,-1.4123,-0.9395,-2.4152,-2.8132,-1.466,-1.8386,-1.8856,-0.8663,-1.5825,2.4811,0.5735,-1.5841,-1.8498,0.0029,-1.2621
HBP1,-0.6647,-1.2145,0.2682,-1.0451,-0.5022,-1.556,-2.2996,1.3846,-1.2783,-1.5089,-0.5036,-1.3322,1.4675,1.0001,-0.9769,1.6436,0.4991,0.2634
PRMT1,0.2882,-1.1062,0.9946,1.6486,-0.0956,-1.9307,-2.1994,-1.2393,-0.1048,-0.612,-0.4471,1.2789,-0.7767,-1.9899,-1.1675,-1.1231,-1.7131,0.6266
ACTL6A,-0.9734,-0.4238,-0.3514,-1.3814,-1.0742,-3.5266,-2.9172,-1.7084,-1.6125,2.1459,-1.0209,-0.1658,-1.4736,-2.0837,-1.9462,-2.0889,-2.5686,-0.9257
TUBB3,-0.6052,-1.0951,0.3603,-0.5241,-0.4503,-0.6719,-0.3539,-1.3409,-1.013,-1.408,0.2842,-1.2554,-0.7576,-1.0439,-1.4179,-1.0953,2.2367,-0.7194
HSPA2,-0.6818,-1.2029,0.1154,1.9751,-0.5823,-1.9927,-2.2813,-0.6079,-0.904,-1.227,-0.5051,-0.4818,0.2019,-1.9409,1.9602,-1.2082,-1.9342,0.6636
P3H1,0.8663,1.5285,0.2569,-0.4172,-0.7984,-3.006,-2.6851,-1.015,-1.3803,-1.8302,-0.7878,-1.0422,-0.828,-2.491,-0.247,-1.7985,-2.1214,0.4703
COPB1,-0.653,-1.1202,-0.8265,-1.0496,-0.5232,-1.6833,-1.1163,0.0561,-1.2725,-1.5316,-0.4818,-1.3089,-0.4785,0.6939,0.0614,-1.4384,2.627,-1.0044
CAND1,-0.7099,-1.2358,-0.8536,-1.1144,-0.5226,-0.462,-2.3924,-0.4355,-1.3158,-1.5702,-0.4983,-1.3924,0.4821,0.596,-1.5207,-1.4819,3.13,-1.0351
XPOT,-0.5933,-1.0918,-0.7974,-1.0453,-0.4801,-0.4914,-1.9121,-1.3044,-1.2977,-1.4637,-0.4341,-1.2715,0.7405,1.6654,0.5195,-1.3695,0.6473,-0.9574
PPAN-P2RY11,-1.2554,0.2908,-0.3457,1.559,-1.0302,-3.4903,-2.4002,-1.8547,-1.6579,-2.0188,-0.2527,-1.571,-1.4118,-2.6279,-2.2239,-1.5325,-2.4501,-0.3442
SON,-1.1011,-1.1103,-1.2154,-0.5718,1.6123,-3.436,-2.81,-1.7183,-0.9791,-1.9349,1.7665,-1.4274,-0.9918,-2.2742,1.0564,-1.8085,-2.253,-1.3586
YLPM1,-0.0448,-0.9371,-0.7331,-0.105,-0.3106,-3.0687,-2.53,-1.2119,-1.5665,-1.6886,0.0617,-1.5048,-1.0464,-2.3718,-1.9317,-1.6587,-2.0842,1.5609
RBBP4,1.736,-1.0714,3.236,-0.9964,0.2127,2.3799,1.3625,-1.2292,1.8157,-1.3929,0.8918,2.1998,-0.6947,-1.9472,-1.6309,-1.3173,-0.7672,0.6488
KPNA6,-0.6733,-1.0358,-0.8396,-1.0938,-0.5384,4.7465,1.6376,-1.3529,-1.4054,3.2744,-0.5091,-1.389,-0.8237,-2.0637,-1.8308,-0.7683,0.6191,-1.0357
HSD17B12,-0.6423,-1.1499,-0.7948,-1.0176,-0.5138,-1.0063,-1.9933,-1.2638,-1.2553,-1.5349,-0.4537,-1.2477,-0.1829,-1.4965,-1.4775,-1.3994,1.9609,-0.9327
SEC61A1,-0.6574,-1.1307,-0.8289,-1.0406,-0.4974,1.5429,-0.7192,-1.0103,-1.2796,-1.2139,-0.4982,-1.3353,1.3476,0.644,-1.7212,-1.4038,0.3498,-0.5789
LSG1,-0.877,0.5498,1.0916,1.2466,-0.7251,-3.0465,-2.2931,0.709,-0.6004,-1.1573,-0.6714,-1.5455,-1.0589,-2.094,-1.992,-1.0937,-2.0575,3.0157
PSMD1,-0.6643,-1.2056,-0.8239,-0.7219,-0.5348,-1.135,-2.3665,-1.3806,-1.2945,-1.5805,-0.4851,-1.0127,1.7086,1.5127,-1.7522,-1.1435,1.6516,-0.9912
TDP1,-0.6728,-0.5069,0.9675,1.5976,-0.8801,-3.3413,-2.5559,-1.3726,-1.2109,-2.0091,-0.8732,-1.1044,-0.868,-2.5597,-1.9771,-1.2442,-2.2535,0.252
DSP,-2.975,-2.5643,-1.512,-3.2552,-2.7096,-6.0461,-5.2121,-3.5905,-2.4701,-3.877,5.9255,-3.7975,-3.0664,-2.8563,-0.0775,-3.6334,-4.5906,-2.1501
TAF8,2.5532,2.4073,-0.8724,0.2065,-0.5412,-2.8555,-2.2866,-1.2807,-0.2087,-1.5934,-0.4963,-0.3641,-0.5133,-2.0389,-1.8504,-1.4796,-1.8434,3.1388
RSRC2,-2.1951,-0.8557,-2.354,-1.1927,-1.8027,-4.3782,-3.9691,-2.5246,-1.4217,-3.1116,-1.7973,-1.9164,-2.3277,2.0979,-3.1538,-2.9734,-3.6267,-1.8576
HADHB,-0.6246,-1.1144,-0.7891,-1.0799,-0.5064,-2.5467,-2.2819,-1.3721,-0.9417,-1.555,-0.4421,-1.3996,-0.8264,-1.5799,-1.7929,-1.5093,3.0413,-0.9988
VAT1,-1.0184,-1.2913,-0.8256,-1.0851,-0.8508,-3.201,-2.5144,-1.4562,-1.4781,-1.9514,-0.8055,-1.6957,-1.2166,-2.3025,-2.1534,-1.5487,1.9722,-1.3732
PELO,-0.523,-1.9511,-1.3017,-0.3078,-0.3928,-3.7073,-3.2629,-2.1066,-0.5716,-2.3327,0.6112,-0.442,-0.7388,-1.6801,-2.1152,-2.2446,-2.6663,1.7041
CCDC47,-0.6478,-1.1848,-0.8118,-1.0655,-0.5156,-0.7106,-1.6159,-1.3372,-1.287,-1.4936,-0.4567,-1.2823,0.2512,-0.2076,-1.2431,-1.455,2.106,-0.6183
DARS,2.4296,-1.1253,-0.7706,-0.1098,-0.497,-2.2316,-1.6722,-0.3781,-1.2678,-1.4603,-0.4533,-1.3159,-0.5145,-1.2044,-1.7483,-0.829,-1.3075,0.5027
HADHA,-0.6639,-1.1568,-0.7957,-1.0847,-0.5289,-1.8958,-2.1804,-0.9952,-1.2925,-1.493,-0.494,-1.2906,-0.784,0.089,-1.7397,-1.4044,3.1027,-0.9204
SRPK1,-0.7204,-1.2576,-3.00E-04,-1.1113,-0.557,-2.8907,-2.1466,-1.0354,-0.5899,-0.4482,-0.5434,0.0445,-0.5355,-2.1471,-1.2744,-1.2077,-1.1778,3.0428
BBX,-0.6777,-1.286,-0.8561,-1.1059,-0.5259,-1.7063,-2.4183,2.7024,-1.3303,-1.5758,-0.4678,-1.3622,-0.4977,0.248,-1.8052,-1.5154,-0.0873,-1.0323
IPO4,-0.693,-1.1902,0.0674,-1.0522,-0.5659,-1.7188,-2.2711,-1.3108,-1.2373,-1.4614,-0.5334,-1.3237,-0.4885,0.3258,-1.7712,-1.4786,1.5118,-1.0044
SUPT6H,-0.6428,-1.1232,-0.7778,-1.0203,0.3062,-2.774,-2.1928,-1.2615,-1.276,-1.478,-0.0298,0.7287,-0.75,-1.3776,-1.7023,-0.2833,-1.7488,1.7277
S100A7,-0.052,-1.1734,-0.8078,-0.7285,-0.5341,-2.7164,-0.9761,-1.3932,2.778,-1.5369,-0.5285,-1.0174,-0.8214,1.5486,-1.7864,-1.5152,-1.7708,-1.0304
MAGOH,-0.4033,-1.1803,-0.8106,0.5693,-0.533,-2.5802,-2.2436,-1.2812,-1.1185,-1.4798,-0.4856,-1.294,-0.8685,-2.0859,-0.5538,-0.8674,-1.7691,2.7486
TMX1,-0.6129,-0.3227,-0.7467,-0.9965,-0.4683,-2.6734,-1.9628,-0.1297,-1.222,-1.4848,-0.4305,-1.2096,-0.7215,-1.9705,-1.7506,-1.0861,1.7103,-0.9333
PAICS,-0.7625,-1.3181,-0.9311,-0.4157,0.4993,1.5703,1.9591,-0.7672,-1.1417,-1.6316,-0.5675,-1.4719,-0.9059,-2.3538,-1.5901,-1.5579,-1.9092,-1.1059
MTA3,-0.6378,-1.0828,-0.7187,-1.0154,-0.4384,-1.518,3.2052,-1.2558,-1.2133,-1.4699,-0.4114,3.1026,-0.7845,-2.0101,-1.6899,-1.4136,-1.7365,-0.8932
ATP5C1,-0.747,-1.2219,-0.5357,-1.1691,-0.5575,-0.8538,-2.3605,-1.0785,-1.4069,-1.5869,-0.5764,-1.3938,2.0592,0.47,-1.5081,-1.5467,-1.8948,-1.0097
JUP,-1.3759,-1.5509,0.0586,-2.0333,-1.3765,-4.0224,-3.4863,-2.2685,-2.3003,-2.5737,3.649,-2.227,-1.6521,-1.4129,0.0784,-2.4243,-2.8959,-1.8994
SDE2,-0.3983,-1.5655,-0.8367,-1.0928,0.3371,-3.3357,-2.8803,-1.7637,-1.7925,-1.9857,-0.7882,-1.6672,-1.2016,-2.4187,-2.2492,-1.8576,-2.3388,1.5711
SDHA,-0.627,1.8064,-0.4669,-0.6849,-0.4639,-2.9779,-2.2795,-0.6589,-1.3155,-1.4447,-0.4395,-1.3001,-0.4583,-1.0476,-1.0459,-1.1331,1.9273,0.3715
COPA,-0.7301,-1.2235,-0.8502,-1.1447,-0.5727,-2.233,-2.4172,-1.3692,-1.3731,-1.6635,-0.5485,-1.359,-0.8775,-0.4956,-1.3191,-1.5829,1.7147,-1.025
SFSWAP,-0.651,-0.3633,-0.8073,-1.0605,-0.5247,-2.4226,-2.3806,-1.2909,0.3417,-1.4937,-0.4974,-0.2062,-0.8016,1.6341,-1.795,-1.4653,-1.8023,-0.9531
DHX38,-1.0021,-1.4486,-0.3082,-1.3204,-0.7936,-3.0961,-2.6021,-1.6176,-1.6509,-1.8435,-0.7648,-0.3344,-1.091,-2.3901,-2.0955,-1.4247,-2.0746,2.9506
PPP1R10,-0.685,-1.1844,-0.7725,-1.1084,0.2574,-2.7259,-2.2479,-1.3858,-1.2677,-1.2027,3.2231,-1.3837,-0.8462,-1.9643,-1.8129,-1.1262,-1.2909,-1.0113
HMG20B,-0.72,-1.2201,-0.8519,-1.1671,-0.5973,4.3513,3.7317,-1.4482,-1.2768,-1.6629,-0.5523,-1.4136,-0.8892,-2.1829,-1.9253,-1.5722,-1.9342,-1.0504
CCDC71L,-0.5798,-1.0887,-0.699,-1.0338,-0.4587,2.5102,2.4826,-1.2162,-1.2578,-1.4579,-0.4343,-1.2219,-0.7737,-2.0419,-1.6814,-1.3879,-1.7276,-0.9115
PCGF6,-0.6849,-1.1145,-0.7416,-1.0518,-0.4261,3.3235,3.5994,-1.285,-1.27,-1.5129,-0.4369,-1.2838,-0.7656,-2.1248,-1.7564,-1.4603,-1.9002,-0.9553
CTBP2,-0.6753,-1.2165,-0.8319,-1.0713,-0.5165,4.6661,2.8628,-1.3996,-1.2238,-1.6593,-0.4887,-1.3534,-0.8138,-2.1183,-1.8325,-1.5286,-1.8311,-1.0046
PFDN5,-0.5821,-1.1068,-0.7506,-1.0047,-0.4871,2.1975,0.791,-1.2572,-1.2174,-1.4871,-0.4375,-1.2572,-0.7142,-1.9788,-1.6598,-1.3683,-1.6621,-0.9236
PFDN6,-0.6378,-1.1042,-0.1614,-1.0271,-0.5375,-0.8313,-2.2457,2.4815,-1.2987,-1.5522,-0.4674,-1.3357,-0.7409,-2.0543,-1.7997,-1.5255,-1.7177,-1.0125
VBP1,-0.6482,-1.0921,-0.7634,-1.0613,-0.0745,2.6554,0.878,-1.2554,-1.2153,-1.4408,-0.462,-1.276,-0.7756,-2.0217,-1.7183,-1.3712,-1.7491,0.0113
ZNF296,-0.6559,-1.1685,-0.8262,-1.0196,-0.5074,3.5043,3.6981,-1.3105,-1.3389,-1.5076,-0.4916,-1.255,-0.8435,-2.167,-1.7396,-1.4328,-1.7548,-0.946
CCDC71,-0.6227,-1.1635,-0.7772,-1.0442,-0.4622,3.1843,2.6815,-1.2798,-1.3192,-1.5211,-0.4105,-0.6304,-0.797,-2.131,-1.6711,-1.3922,-1.8278,-0.9134
CDYL2,-0.7013,-1.3002,-0.8754,-1.1808,-0.6195,3.7586,3.5056,-1.4413,-1.4233,-1.7193,-0.5451,-1.4401,-0.9314,-2.2511,-1.9466,-1.5621,-1.921,-1.0765
L3MBTL2,-0.702,-1.1154,-0.7658,-1.041,-0.4988,3.1795,3.826,-1.3196,-1.3073,-1.5041,-0.4607,-1.2406,-0.8134,-2.1145,-1.7563,-1.4363,-1.7342,-0.8942
BEND7,-0.7501,-1.1866,-0.8874,-1.1076,-0.5922,1.5585,1.7126,-1.3487,-1.3849,-1.5576,-0.5228,0.8421,-0.8567,-2.1748,-1.7998,-1.4546,-1.8306,-1.0146
BEND7,-0.7412,-1.2294,-0.8704,-1.1366,-0.5733,1.4292,0.8496,-1.3922,-1.4515,-1.6272,-0.5486,2.1744,-0.9185,-2.1874,-1.8521,-1.5494,-1.8844,-1.0292
PHF21A,-0.6924,-1.1592,-0.772,-1.0224,-0.46,1.0926,1.5982,-1.2543,-1.3426,-1.4669,-0.4186,-1.2684,-0.7821,-2.0748,-1.7255,-1.4449,-1.8626,-0.9294
LSM2,-0.5966,-1.0628,-0.7096,-1.0054,1.506,-2.2617,-2.1656,-1.2759,-0.7336,-1.4769,-0.4126,-1.3126,-0.7341,-1.7305,-1.6956,-1.4117,-1.7185,-0.5319
LRRC59,-0.6308,-1.1681,-0.7669,-0.6485,-0.4933,-2.8892,-2.2818,-1.3529,-1.286,-1.5102,-0.4345,-1.3115,-0.786,-2.1058,-1.4561,-1.4503,1.8155,0.2764
CCT8,-0.8863,-1.0357,-0.9916,-0.4897,0.9991,2.2192,3.5478,-1.5934,-1.5109,-1.7721,-0.6663,0.2705,-0.7614,-2.1302,-1.369,-1.6607,-1.8699,-0.9681
ZNF592,-0.6667,-1.1686,-0.8587,-1.1102,-0.5134,4.3476,3.0448,-1.322,-1.3273,-1.5636,-0.5156,-1.3351,-0.8251,-2.0216,-1.8288,-1.5159,-1.777,-1.0022
TRA2B,-0.6173,-1.1771,-0.8184,-1.0517,0.6791,-2.7473,-2.2339,-1.3372,-1.2347,-1.5677,2.2053,-0.9893,-0.2025,-2.0632,-1.7587,-1.4227,-1.8104,-0.9868
BAHD1,-0.6871,-1.2009,-0.779,-1.0605,-0.5093,1.8828,2.2069,-1.275,-1.2933,-1.508,-0.4821,-1.2832,-0.7987,-2.0929,-1.7163,-1.4293,-1.786,-0.9583
HAT1,-0.6692,-1.1006,-0.8215,-1.0838,-0.492,-2.8872,-2.3463,-1.3917,-1.3128,-0.6587,-0.0686,3.3277,-0.8013,-1.6031,-1.7944,-1.503,-1.8463,-1.0217
RPN1,-0.7661,-1.2257,-0.9187,-1.1143,-0.6174,-1.564,-2.3407,-1.367,-1.4192,-1.5647,-0.5693,-1.3476,-0.8784,-1.5131,-1.8067,-1.4871,2.8714,-1.0162
CWC27,2.1407,-0.5808,-0.7475,-1.0076,-0.0943,-2.7019,-2.2322,-0.9717,0.3068,-1.4425,-0.4432,-1.2203,-0.1781,-1.9876,-1.6816,-1.4055,-1.7225,1.6685
GRSF1,-0.7778,-1.2963,-0.2084,-1.1546,-0.564,-3.0819,-2.5313,-1.4402,-1.418,-1.7024,0.3007,-1.4291,2.2347,-2.1981,-1.8892,-1.6094,-2.0098,1.7004
SFMBT1,-0.6929,-1.1917,-0.7883,-1.0979,-0.5043,2.5322,-1.6491,-1.3346,-1.28,-1.5576,-0.4747,-1.3348,-0.811,-2.1503,-1.8477,-1.4357,-1.8901,-0.9508
ZNF423,-0.6161,-1.0884,-0.717,-0.9507,-0.4397,3.4312,1.6882,-1.2326,-1.1839,-1.4458,-0.4326,-1.2448,-0.7001,-1.9738,-1.677,-1.3833,-1.7148,-0.8945
MGA,-0.7632,-1.2858,-0.9239,-1.1961,-0.6139,4.5625,2.4244,-1.4236,-1.3404,-1.6781,-0.5619,-1.4361,-0.9148,-2.1499,-1.7964,-1.5463,-1.9471,-1.0734
LAMB2,-0.6209,-1.126,-0.7915,-1.06,-0.5267,2.5051,3.6791,-1.3021,-1.2386,-1.4773,-0.4931,-1.2784,-0.7767,-2.0488,0.8465,-1.4186,-1.7222,-0.9315
ZMYND8,-0.7154,-1.3341,-0.8812,-1.1876,-0.5689,2.9329,1.7293,-1.4776,-1.3582,-1.6628,-0.5998,-0.6913,-0.9091,-2.2967,-1.8768,-1.5988,-1.9582,-1.0662
LRPPRC,-0.6477,-1.136,-0.4396,-1.0438,-0.4777,-2.6759,-2.2014,-0.9491,-1.2143,-1.4978,-0.4494,-1.2669,-0.7773,-2.0186,-1.4289,-1.406,3.6501,-0.9484
RTN4,-0.73,-1.2399,-0.5261,-1.1202,-0.5507,-2.8357,-2.3426,-1.3786,-1.3076,-1.55,-0.5164,-1.396,-0.8329,-2.1021,-1.7959,-1.4959,2.1869,-0.9932
ERCC6,-0.7797,-1.3334,-0.8877,-1.1606,-0.5541,0.7084,-1.7695,-1.4241,-1.3983,-1.6087,-0.5382,1.6742,-0.9189,-2.182,-1.8419,-1.5383,-1.8679,-1.0525
MCM6,-0.6006,-1.0961,-0.7481,-1.0305,-0.4972,-2.602,-2.173,-1.2586,-0.9568,-1.4517,-0.4545,-0.9395,-0.7991,-2.0145,-1.3909,-1.3976,-1.782,2.2644
ZNF608,-0.5939,-1.0761,-0.7233,-0.9868,-0.469,1.5693,-0.6122,-1.2439,-1.1764,-1.4568,-0.427,-1.2428,-0.7515,-1.9085,-1.7322,-1.3956,-1.7062,-0.9442
MCM4,-1.2985,-0.8344,-0.8834,-1.7053,-1.0862,-3.7995,-3.0158,-2.0026,-1.1599,-2.2024,-1.0782,-1.932,-1.5399,-2.9494,-2.4152,-2.0479,-2.4036,1.5239
ASF1A,-0.6512,-1.1527,-0.7783,-1.0634,-0.5013,-2.7793,-2.2197,-1.3656,-1.2151,-1.5236,-0.4642,3.2945,-0.7934,-2.0467,-1.7856,-1.4788,-1.7952,-0.9805
S100A8,-0.6939,-1.2315,-0.8779,-1.1271,-0.5918,-2.768,-2.163,-1.3638,0.0141,-1.5866,-0.519,-1.3437,-0.8889,2.8962,-1.7901,-1.5099,-1.8728,-1.0117
COMT,-0.5674,-1.123,-0.7396,-0.9889,-0.4153,-2.6779,-2.1761,-1.2257,-1.2474,-1.4657,-0.3964,-1.2503,-0.7646,-1.8173,-1.6738,-1.3951,2.0899,-0.9164
CYB5R3,-0.7763,-1.2973,-0.9142,-0.1477,-0.6186,-2.9123,-2.3727,-1.3977,-1.3807,-1.5906,-0.585,-1.386,-0.8812,-2.1989,-1.8452,-1.4946,2.5943,-1.0732
LMAN2,-0.6197,-1.0952,-0.7032,-1.0227,-0.4596,-2.7156,-2.1356,-1.2318,-1.1848,-1.4421,-0.3977,-1.2861,-0.7269,-1.9932,-1.7251,-1.363,2.4634,-0.9207
SAP18,2.2394,-1.0975,-0.7068,-0.9839,-0.4309,-2.5354,-2.1266,-1.2223,-1.179,-1.4341,-0.3899,-1.21,-0.7518,-1.9672,-1.6281,-1.3456,-1.6876,-0.8882
PHF1,-0.6744,-1.1809,-0.8023,-1.0849,-0.5347,-2.7472,-2.3877,-1.3418,-1.2313,-1.5289,-0.4721,3.2732,-0.8403,-2.1551,-1.8354,-1.4858,-1.8112,-1.0301
MTF2,-0.5815,-1.1146,-0.7001,-0.9779,-0.426,-2.7653,-2.1594,-1.252,-1.2203,-1.4709,-0.4036,3.4726,-0.7293,-2.0262,-1.7249,-1.3872,-1.7617,-0.8721
TESMIN,-0.6896,-1.1966,-0.7832,-1.044,-0.5069,-2.7835,-2.2891,-1.3038,-1.3278,-1.4866,-0.4575,2.7108,-0.8077,-2.0449,-1.7669,-1.5077,-1.804,-0.9868
BAG2,-0.6942,-1.207,-0.8431,-1.1084,-0.5506,-2.9499,-2.4062,-1.3407,-1.4261,-1.5158,-0.4905,-1.3775,-0.8689,-1.6911,2.511,-1.5695,-1.8799,-1.0356
TRMT1,-0.6294,-1.1358,-0.7554,-1.0744,-0.4498,-2.7683,-2.2882,-1.3132,-1.2788,3.9727,-0.4615,-1.2857,-0.8201,-2.0492,-1.784,-1.4219,-1.7746,-0.9469
APMAP,-0.6678,-1.2569,-0.8202,-1.0358,-0.472,-2.6426,-2.3929,-1.3043,-1.3141,-1.5348,-0.4706,-1.3206,-0.8483,-1.9714,-1.7049,-1.4427,2.3772,-0.9464
HMOX2,-0.7782,-1.3426,-0.9427,-1.1807,-0.6567,-3.0289,-2.4634,-1.4707,-1.4257,-1.6729,-0.5657,-1.4957,-0.937,-2.3656,-1.9428,-1.6094,1.8266,-1.1335
JARID2,-0.7241,-1.2173,-0.8831,-1.1497,-0.5827,-2.722,-2.2504,-1.3649,-1.4037,-1.5845,-0.5767,3.1721,-0.9004,-2.1558,-1.7899,-1.508,-1.7564,-1.0415
GLYR1,-0.6948,3.3384,-0.7843,-1.0337,-0.5019,-2.7357,-2.2205,-1.3192,-1.3828,-1.6003,-0.4729,0.5337,-0.7986,-2.1558,-1.8051,-1.4573,-1.801,-0.9881
ZNF704,-0.6818,-1.1673,-0.8173,-1.0564,-0.4571,-2.9115,-2.4316,-1.3384,-1.3593,-1.541,-0.4416,-1.3251,-0.4948,2.6086,-1.7833,-1.453,-1.8986,-0.9638
AIMP1,1.9018,-1.1592,-0.7462,-0.6966,-0.4712,-2.7707,-2.2401,-1.3415,-1.2556,-1.2018,-0.4226,-1.2751,-0.7965,-2.0841,-0.8863,-1.133,-1.8011,0.6173
SERPINB3,-0.6948,-1.2003,-0.2198,-1.0498,-0.5201,-2.5592,-2.1842,-1.3754,1.5784,-1.5177,-0.4839,-1.3129,-0.8174,-0.6847,-1.7277,-1.4927,-1.7996,-1.0088
ARID4A,-0.6761,1.0786,-0.8141,-1.1349,-0.4931,1.7565,-2.208,-1.3906,-1.3534,-1.5494,-0.4807,-1.3752,-0.8253,-0.6309,-1.794,-1.4527,-1.8532,-0.993
ARG1,-1.0137,-1.6115,-0.8135,-0.387,-0.8245,-3.161,-2.7107,-1.6969,-0.7389,-1.8766,1.855,-1.6585,-0.5291,-2.5453,-2.0883,-1.8129,-2.1883,-1.3035
LAMC1,-0.7112,-1.2462,-0.8205,-1.2425,1.4405,-2.9352,-2.3721,-1.4876,0.7789,-1.7458,-0.5927,-1.3927,-0.8582,-2.2333,3.1348,-1.6363,-1.9368,-1.1313
RPN2,-0.7513,-1.2134,-0.8786,-1.1452,-0.5599,-2.9486,-2.3382,-1.4269,-1.4345,-1.6807,-0.5442,-1.4169,-0.9358,-1.9908,-1.922,-1.6173,1.7673,-1.0382
EIF4A2,-0.7989,-1.363,-0.9336,-0.8496,2.3244,-2.8599,-2.5103,0.1277,-1.4985,-1.6435,-0.5292,-0.7762,-0.9223,-2.2555,-1.7255,-0.3181,-1.9627,0.1833
FBN1,-4.5813,-5.1294,-4.7575,-4.5071,3.9966,-8.2406,-6.779,-4.8354,-6.0541,-5.0616,-3.7877,-5.3003,-4.6598,-7.182,-4.3199,-1.1676,-6.0276,-4.2788
LCOR,-0.6154,-1.1249,-0.7877,-1.0333,-0.4756,-2.6585,-2.2018,-1.3219,-1.1848,-1.4755,-0.4305,1.8579,-0.761,-2.0368,-1.7574,-1.4485,-1.7972,-0.9531
WWP2,-0.403,-1.1621,-0.8261,-1.0925,-0.5715,-2.7053,-2.2222,-1.333,-1.3239,-1.5118,-0.5132,-1.3671,-0.8436,-2.0448,-1.7194,-1.1658,-1.7375,1.706
LAMB1,-0.7008,-1.1927,-0.9177,-1.1806,-0.0938,-3.0979,-2.4723,-1.4999,0.2166,-1.7229,-0.5372,-1.4408,-0.9145,-2.1889,2.5629,-1.6007,-2.0137,-1.0293
IARS1,2.0093,-0.6498,-0.8348,-1.0246,-0.5144,-2.6558,-2.2669,-1.2848,-1.3445,-0.9617,-0.4713,-1.2647,-0.8424,-2.112,-1.7511,-0.5776,-1.7967,-0.2541
BRCA2,-0.6089,-1.1704,-0.8012,-0.9962,-0.452,-2.7185,-2.2816,-1.2466,-1.2728,2.4872,-0.4114,-1.2833,-0.8153,-2.0702,-1.714,-1.4309,-1.8514,-0.9303
TRRAP,-0.6729,-1.1926,-0.8613,-1.0715,-0.5223,-2.8174,-2.32,-1.3505,-1.2991,3.1327,-0.5097,-1.3195,-0.8316,-2.1426,-1.8384,-1.4458,-1.8205,-1.0032
MAP4K4,-0.6831,-0.8207,-0.817,-1.0598,-0.4723,-2.931,-2.4493,-1.3192,-1.2778,-1.5348,-0.4541,-1.3238,-0.8597,-0.9524,-1.4712,-1.4974,-1.8832,2.2016
