"","ROW_NAMES","Halo_ARID4A_REPLICATE_dS_AVG","Halo_ARID4B_REPLICATE_dS_AVG","Halo_BRMS1_REPLICATE_dS_AVG","Halo_BRMS1L_REPLICATE_dS_AVG","Halo_GATAD1_REPLICATE_dS_AVG","HDAC1.Halo_REPLICATE_dS_AVG","HDAC2_Halo_REPLICATE_dS_AVG","Halo_ING1_REPLICATE_dS_AVG","Halo_ING2_REPLICATE_dS_AVG","MORF4L1_Halo_REPLICATE_dS_AVG","Halo_PHF12_REPLICATE_dS_AVG","Halo_RBBP4_REPLICATE_dS_AVG","Halo_SAP30_REPLICATE_dS_AVG","Halo_SAP30L_REPLICATE_dS_AVG","Halo_SAP130_REPLICATE_dS_AVG","SIN3A_Halo_REPLICATE_dS_AVG","SIN3B_2_Halo_REPLICATE_dS_AVG","Halo_SUDS3_REPLICATE_dS_AVG"
"1","RBBP7",-105.321,-82.91613,-77.10467,-118.5383,-22.39849,-378.0124,368.7006,376.4794,-111.6674,-52.48265,-32.61351,-143.6073,479.3432,757.1339,-283.783,816.2908,1136.38,-70.05903
"2","HDAC1",-118.6881,-156.984,-94.83525,-94.95974,-27.5706,4163.157,-388.4506,-56.5857,-106.878,-24.68932,-38.35167,-152.8114,-38.81122,171.8725,-283.1742,411.0599,439.8173,-103.1841
"3","SIN3B",-37.8351,-122.3249,-35.6343,-109.5024,-61.79589,-435.289,-270.6065,-72.79648,-85.31962,-86.54976,7.53444,-39.46147,-63.76886,-175.2693,-142.1677,-56.04641,15864.39,-100.3178
"4","HDAC2",-102.6304,-129.5984,-79.60883,-98.91546,-29.67374,-443.6927,4546.451,-94.75926,-90.64212,-25.41352,-38.17543,-61.47247,-76.66827,-84.81365,-245.1602,108.5221,998.2364,-91.77224
"5","RBBP4",-38.26748,-91.42571,-68.35728,-72.98347,-11.69642,317.2957,332.1745,-85.3707,-69.16356,-54.97262,-9.328052,1669.222,-43.74538,4.738141,-176.946,342.9281,897.595,-69.35739
"6","SIN3A",-160.1484,253.3464,278.9255,313.7215,0,-759.2698,-556.2383,391.5099,173.716,0,0,-132.6089,780.5531,2949.727,43.72811,3561.998,-172.2102,-59.79463
"7","SUDS3",-39.33935,34.12923,236.1623,123.9745,0,-217.9373,-138.1045,98.43589,-44.6449,0,0,-17.73244,16.1388,290.9833,-40.63978,102.9918,-148.8236,3657.531
"8","BRMS1L",-28.05174,60.90623,0,691.4778,0,-170.4171,-104.5424,323.9788,39.7313,0,0,-22.1789,132.29,652.3821,66.23309,172.5002,-58.22482,5.931499
"9","RBBP7",-37.93446,-50.73275,59.34659,-37.77728,-14.66147,19.72915,0,0,-25.70722,-34.14306,-19.33641,-48.84952,-6.397701,110.2244,0,157.1093,2107.477,-33.03369
"10","SAP30L",-11.82149,10.01217,0.3668469,26.27927,0,-57.53784,-40.06844,43.85412,-7.547071,0,0,-0.9392325,-10.9698,849.7329,-31.27329,86.57517,-17.60889,-10.13434
"11","ARID4A",9185.127,-13.22026,78.00515,85.27592,0,-130.1532,-75.78747,-35.81089,-54.07333,0,0,-3.817438,-1.592144,-82.24635,-137.3806,-89.04247,-23.94244,-33.9253
"12","ING1",-24.13245,-32.07945,-19.5191,-10.48994,0,-80.63304,-44.70249,3532.726,0,0,0,0,-1.83127,-18.82378,-23.77534,-40.85698,-4.101802,-20.82675
"13","ARID4B",0,6713.069,75.87478,71.52389,-1.834418,-136.6606,-56.68096,-10.76426,-43.10852,0,0,-9.636259,-12.90274,150.0499,-121.0575,-90.2855,-42.59775,-37.48335
"14","SAP30",-11.25002,7.758933,47.05046,39.09675,0,-49.30972,-36.38537,76.72934,42.58339,0,0,-5.29886,422.4192,-20.74781,-15.76967,201.9836,-8.777694,-2.831442
"15","ING2",-9.373992,-4.509471,-8.346111,-1.059405,0,-44.25896,-18.41774,-7.756816,1192.346,0,0,-1.581982,12.69514,26.42981,-17.39192,58.97448,-1.442714,-9.353821
"16","BRMS1",-5.916938,7.846907,394.4289,0,0,-24.89846,-17.72568,2.307632,-3.336834,0,0,0,9.973013,133.1274,-13.34295,5.126497,-3.029257,0.9577494
"17","TNRC18",0,0,-0.9188408,4.896187,0,-17.03723,-13.65814,51.27522,0.7151146,0,0,0,37.7257,108.4833,27.65016,14.02933,-12.8301,6.698789
"18","SAP130",-6.797588,-10.15466,-6.188001,-7.63225,0,-23.98274,-17.20524,11.18174,-7.328685,0,0,-1.693537,2.739815,4.54683,868.9116,-11.56321,-3.638162,-6.62774
"19","ARID4B",0,0,-3.026139,57.53811,-0.9844445,-17.79064,-13.01356,-4.750826,22.16947,0,0,-4.11143,26.65607,-9.682471,116.9352,38.61664,-9.091078,25.54237
"20","SAP130",-8.673458,-17.16126,-8.647119,-10.56376,0,-29.30062,-21.17508,-9.209179,-12.03943,0,0,-1.894966,-9.356771,-24.535,1880.751,-22.46279,-4.074592,-9.056084
"21","SAP130",-4.541901,-2.410332,-3.473844,-4.231061,0,-17.42151,-12.82368,30.64994,-2.264945,0,0,-1.471217,12.78039,32.29458,264.2625,0.4667681,-3.156468,-3.947549
"22","HNRNPUL1",-0.9653056,-1.685714,-1.207397,-1.497867,20.56684,-3.468575,-4.200681,-2.322388,0.6305512,7.888826,51.26567,43.60122,-1.355743,-3.944175,-4.279236,19.94497,-4.622726,-1.608297
"23","SAP130",-6.407512,-9.836428,-5.612817,-7.111688,0,-22.34463,-15.14463,8.623509,-7.058395,0,0,-1.671292,0.6031661,1.480599,862.9889,-12.03258,-3.049089,-6.149146
"24","SAP130",-4.131026,-2.498585,-3.260803,-3.890314,0,-15.84657,-11.21961,27.59401,-2.269785,0,0,-1.431596,9.856987,28.25918,254.4455,-1.426046,-2.629621,-3.592391
"25","BAHCC1",0,0,-1.349721,-1.085213,0,-7.332992,-3.127474,17.68532,-1.63071,0,0,0,21.13565,54.59159,17.89435,-2.688989,0,20.00216
"26","PHF12",0,0,0,0,20.61956,-38.90959,-27.20603,0,0,140.0471,1535.638,0,0,0,0,0,-6.840576,0
"27","TUBA1A",-14.35132,-21.79668,86.21686,-16.04929,0.4851066,-0.1843524,-28.26022,-21.79915,-14.11685,-21.19524,10.26679,-20.9756,-14.08637,52.33961,47.1667,8.733591,464.7629,-14.31977
"28","CHD4",-1.26269,-5.982628,-3.536741,-5.206533,-5.759795,797.1845,235.821,-5.298102,-2.038687,-6.61572,-3.778934,244.1316,-3.449404,-7.167061,-5.723303,-6.717064,0,-7.972951
"29","GCN1",0,-1.706222,2.9433,0,0,-1.232144,-6.306359,-1.974938,-0.6506633,-1.94692,0,-2.200496,16.7074,56.98585,12.92711,-2.229486,20.91873,-1.315746
"30","GATAD1",0,0,0,0,1972.821,-36.0994,-20.08531,0,0,-9.883369,27.61821,-3.381434,0,-3.212931,0,0,-20.71616,0
"31","GATAD2B",-2.617218,-2.831276,0,0,0,391.7733,334.7004,-1.524541,-0.9506779,0,0,82.51794,0,-2.373033,-4.050654,-1.60939,0,-3.707392
"32","MTA1",0,0,0,-1.960244,0,2167.005,1258.157,0,-1.272657,0,0,674.5179,0,0,-0.6787882,0,0,-1.925579
"33","MBD3",0,0,0,0,0,721.7223,454.1507,0,0,0,0,105.7334,0,0,0,0,0,-2.611899
"34","MTA2",0,-2.546044,0,0,0,1252.618,466.9442,0,-1.132995,0,0,338.6403,0,0,0,0,0,-1.692809
"35","MBD2",0,0,0,0,0,175.7935,99.91274,0,0,0,0,57.55785,0,0,0,0,0,0
"36","GATAD2A",0,-1.053747,0,0,0,161.917,170.1187,0,0,0,0,94.12515,0,0,0,0,0,0
"37","CHD3",0,-0.867093,-1.382165,0,-1.507199,850.0772,469.5518,-1.702253,-0.4256759,-1.341606,0,85.52847,-0.5093617,-2.087582,-0.5890582,-1.281505,0,-2.671219
"38","PRKDC",0,-7.875514,12.53342,-5.071808,-3.450315,19.00648,-19.49504,-7.411448,-4.52514,-7.750329,-2.942544,-6.01551,51.39823,141.5717,16.0402,-10.41939,13.04833,-1.261277
"39","CCT2",-1.261376,-6.502949,-6.652906,-7.063098,-3.722216,465.466,977.3335,-1.676964,-4.102678,-1.667624,-3.116628,-12.9806,-5.716836,-7.634082,-6.661829,-4.186828,-5.511848,-6.249126
"40","CCT5",-2.544371,-6.541212,-5.517806,-6.755196,-2.524946,310.0136,457.5115,-3.377881,-5.648168,-4.082908,0,-5.818633,-5.460307,-9.025689,-10.26892,-5.878565,-8.433214,-5.307381
"41","TUBB6",-0.4065679,-5.173569,-1.966165,-0.5068237,-2.255421,50.30558,7.427179,-2.993833,-1.113568,-3.704191,0,-3.890757,11.7988,36.92333,-1.035713,-5.043594,17.04362,-3.22548
"42","CHD4",-1.306823,-6.295242,-3.720631,-5.500757,-6.255073,1060.001,568.5795,-5.562904,-2.121069,-6.983501,-4.014313,-17.99423,-3.618584,-7.490708,-5.963586,-7.050518,0,-8.590822
"43","TCP1",0,-1.311235,-4.409096,-2.632653,-3.607579,528.8659,761.3608,0,-1.772613,-1.638965,-4.675008,-13.83981,-7.744887,-18.75815,-5.512351,-3.00421,-7.706995,-1.51271
"44","MSH2",0,-0.6305194,-0.5020739,-0.8206528,-0.4563726,0.2737249,-2.016239,-0.7406843,0,-1.076987,-0.02681077,0,20.22324,57.84644,-1.915347,-1.377989,-2.27892,0
"45","CCT3",-1.724812,-2.497178,-3.444858,-4.385407,-1.091741,181.6271,400.429,-1.376053,-2.337304,0,0,-5.364888,0,-4.230389,-1.567934,-1.460902,-3.013178,-3.11344
"46","CCT4",-0.9986138,-2.38594,-1.536468,-1.225685,0,186.521,304.227,-1.326614,-3.099177,0,0,-5.97137,-2.091148,-1.211358,-1.518495,0,-2.901941,-4.127498
"47","CCT6A",0,-3.05522,-3.272163,-5.555335,-1.33976,421.5766,829.3004,0,-1.743534,0,0,-7.34904,-1.194796,-7.316729,0,0,-10.126,-4.759988
"48","CCT8",-1.004825,-2.404574,-2.998754,-3.087472,-2.813629,167.5557,325.7665,0,-4.327108,0,0,-6.480471,-2.109782,-2.088565,-3.882162,-0.825397,-2.547763,-1.596219
"49","MORF4L1",0,0,0,0,-14.97563,-26.41834,-17.66879,0,0,11057.22,-15.50638,-2.067454,0,0,0,0,-28.69555,0
"50","CCT7",0,-4.045991,-2.425377,-1.414473,0,317.7421,565.383,-1.515402,-3.521056,0,0,-9.910931,-1.113294,-3.234889,-2.952469,0,-9.147975,-4.216641
"51","ERC1",36.05729,-6.230987,0,0,-2.760159,0,0,910.9707,-1.364733,0,0,0,0,-8.241755,-2.566622,0,0,0
"52","CDK2AP1",0,0,0,0,0,98.57253,48.29177,0,-0.6168192,0,0,8.592877,0,0,0,0,0,-0.8325151
"53","MTA3",0,0,0,0,0,822.6119,88.84276,0,0,0,0,-10.76554,0,0,-0.5397144,0,0,0
"54","PWWP2A",0,0,0,0,0,80.46457,63.92362,0,0,0,0,3.050244,0,0,0,0,0,0
"55","CHD5",0,-0.3143177,-0.4777692,0,-1.219347,33.64284,237.272,-1.114255,0,-0.9006071,0,1.400638,-0.8124331,-0.9147244,-0.8667176,0,0,-0.9786601
"56","RCOR1",-0.7326456,0,0,0,0,787.7487,872.2151,0,-1.856009,0,0,-2.948915,-1.265093,0,0,0,0,0
"57","KDM1A",-1.443251,-2.682633,-2.425742,0,0,1621.924,1402.482,0,0,0,0,-3.352239,0,-1.655995,-3.760591,0,0,-5.287082
"58","C16orf87",0,0,0,0,0,126.3674,141.1192,0,0,0,0,0,0,0,0,0,0,0
"59","MIER1",-0.9059482,-0.5345206,0,0,0,927.3481,517.7219,-0.6793581,0,0,0,-0.6752599,0,0,0,-0.7076412,0,-0.6341598
"60","DNTTIP1",0,0,0,0,0,275.3313,87.34208,0,0,0,0,0,0,0,0,0,0,0
"61","WDR5",0,0,0,-1.044934,0,191.5742,105.1411,0,0,0,0,0,0,0,0,0,-1.866234,0
"62","ZMYM2",0,0,0,0,0,383.4843,306.0777,0,0,0,0,0,0,0,0,0,0,0
"63","GSE1",0,0,0,0,0,274.181,268.4239,0,0,0,0,0,0,0,0,0,0,-0.7204478
"64","MIER3",0,0,0,0,0,109.9217,181.5695,0,0,0,0,0,0,0,0,0,0,0
"65","MIDEAS",0,0,0,0,0,314.2536,171.7749,0,0,0,0,0,0,0,0,0,0,0
"66","ZMYM3",0,0,0,0,0,232.29,341.7338,0,0,0,0,0,0,0,0,0,0,0
"67","CTBP1",0,0,0,-0.9865624,0,205.129,50.34801,0,0,0,0,0,0,0,-1.279373,0,0,-0.951897
"68","HMG20A",0,0,0,0,0,83.50679,66.77368,0,0,0,0,-0.9073132,0,0,0,0,0,0
"69","RERE",0,0,0,0,0,299.5857,286.5873,0,0,0,0,0,0,0,0,0,0,0
"70","RCOR3",-0.4770202,0,0,0,0,141.9459,72.93406,0,0,0,0,0,0,0,0,0,0,0
"71","CDYL",0,0,0,0,0,100.6269,97.42696,0,0,0,0,0,0,0,0,0,0,0
"72","GSE1",0,0,0,0,0,98.33454,164.8841,0,0,0,0,0,0,0,0,0,0,-0.5971714
"73","ZNF516",0,0,0,0,0,250.3075,121.9732,0,0,0,0,0,0,0,0,0,0,0
"74","MIER2",0,0,0,0,0,96.03281,67.38717,0,0,0,0,0,0,0,0,0,0,0
"75","BCL11A",0,0,0,0,0,108.2077,100.1436,0,0,0,0,-1.954881,0,0,0,0,0,0
"76","ZNF217",0,0,0,0,0,157.4158,102.9209,0,0,0,0,0,0,0,0,0,0,0
"77","RREB1",0,0,0,0,0,239.4446,118.8088,0,0,0,0,0,0,0,0,0,0,0
"78","RCOR2",0,0,0,0,0,69.43271,48.01904,0,0,0,0,0,0,0,0,0,0,0
"79","PHF21A",0,0,0,0,0,73.40631,65.88661,0,0,0,0,0,0,0,0,0,0,0
"80","RCOR3",-0.3919227,0,0,0,0,66.001,42.25477,0,0,0,0,0,0,0,0,0,0,0
"81","ARID5B",0,0,0,0,0,95.81339,70.13124,0,0,0,0,0,0,0,0,0,0,0
"82","RREB1",0,0,0,0,0,104.7568,72.8225,0,0,0,0,0,0,0,0,0,0,0
"83","MGA",0,0,0,0,0,70.17488,83.80261,0,-0.3646131,0,0,0,0,0,0,0,0,0
"84","EPPK1",19.2511,-0.9945705,0,0,0,0,0,0,-0.4521214,0,-0.4217299,-0.9005396,0,0,72.28043,-0.9087835,0,7.10155
"85","HSPA1A",143.3203,52.70627,-30.07186,-50.70483,-45.59339,-470.6467,-287.754,-114.8894,327.2484,-86.50362,-10.06614,17.2503,-26.84649,-139.1038,5558.398,-188.1047,-297.649,50.04667
"86","HSPA9",-10.74431,-28.90723,-13.66823,8.067707,-2.667991,-126.0734,-83.76153,-30.44513,14.07563,-36.36586,18.9663,-24.27827,-26.59659,-72.41119,2435.34,-52.17014,-57.77438,-15.753
"87","TUBB4B",-3.993022,-5.944246,3.895274,-3.717824,-2.710107,-18.50073,-14.65626,-0.4898194,-1.94469,-3.030278,-2.881237,-5.763087,9.840797,167.5549,45.51333,-8.419106,-12.36086,-3.809856
"88","TUBA4A",-4.531058,-4.359451,6.50756,-3.952737,4.831451,-18.31829,11.26521,-2.985886,-2.750944,1.210986,25.00974,0.2033387,-0.2523594,-5.875979,70.98452,1.381426,-11.42964,-3.952007
"89","TUBA8",-1.605824,-1.843028,-1.233387,-1.44709,3.470781,-6.82998,-5.204154,-0.00537775,-1.530613,2.834767,8.598587,3.554913,-0.8974391,-3.773402,55.59392,6.261124,-4.289107,-1.311962
"90","KPNA2",-1.646845,-1.758946,-1.238203,-1.630958,-0.6864551,-6.513004,-5.280771,-1.479436,-0.959568,35.0213,-0.3517267,1.581253,-0.7048172,-4.021212,-2.389332,-1.649135,116.6492,1.424385
"91","HSPA4",-1.40735,3.664197,-0.8281094,0.03465504,0.8133874,-2.018013,0,-1.176497,3.85943,-1.819624,-0.1053039,3.449007,-1.341359,-1.475737,128.3523,-2.509064,0,-0.7808135
"92","KPNB1",-0.993238,-1.174748,-0.7648669,-0.9011155,3.248343,-3.331136,-0.8863499,-1.304833,0.980995,0,-0.5707474,3.903891,-0.8799559,-2.302137,-2.218541,0,90.69298,0.323485
"93","KPNA3",-0.8606629,-1.363058,-0.7464773,-0.9359496,0.4896708,-3.137723,-2.799653,0,-0.9288041,3.873055,-0.4855966,1.937193,-0.7726019,-2.210537,-2.118945,-1.725297,78.8244,-0.8666187
"94","DECR1",-0.3020591,2.245102,0,62.02491,0,-3.524182,0,0,0,0,0,0,9.378738,15.13077,-0.9641678,0.3156969,-0.8262211,10.14383
"95","HSPH1",-0.5325474,2.157822,-0.4183619,-0.3422283,-0.1316973,-0.6853131,0,0,-0.4920991,0,0,3.112647,1.992901,-1.132955,52.2181,0,0,-0.238232
"96","CANX",-0.7974,-0.9401055,-0.514894,-0.6018465,-0.4734661,0,0,0,-0.8126928,0,0.2529246,-1.04502,-0.5450754,-1.749536,-0.9496592,-0.8426274,122.7838,-0.6403402
"97","SAP30L",1.057199,0,-0.3220155,5.740455,0,-3.863604,-3.253922,-1.500478,-1.13246,0,0,-0.5376851,0,118.3973,3.415946,-1.973976,0,-0.8787989
"98","MTA3",0,0,0,0,0,-3.28503,97.88404,0,0,0,0,15.06397,0,0,-0.3458019,0,0,0
"99","ZNF219",0,0,0,0,0,67.39872,14.31774,0,0,0,0,12.04507,0,0,0,0,0,0
"100","HSPA4L",0,-0.4644877,-0.2622851,-0.376229,-0.1928465,-0.6228824,-0.6529889,-0.3328627,-0.3672377,0,-0.1734011,-0.2768527,-0.3442604,0,55.55669,0,0,-0.2210291
"101","RCOR3",-0.4581988,0,0,0,0,40.13001,157.6894,0,0,0,0,0,0,0,0,0,0,0
"102","MIER3",0,0,0,0,0,17.6138,111.4875,0,0,0,0,0,0,0,0,0,0,0
"103","MORF4L2",0,0,0,0,0,0,0,0,0,10.76927,99.4583,0,0,0,0,0,0,0
"104","ZNF512B",0,0,0,0,0,-4.147934,0,0,0,0,0,218.9028,0,0,0,0,0,0
"105","BCL11B",0,0,0,0,0,70.45421,34.79699,0,0,0,0,-0.8891362,0,0,0,0,0,0
"106","TRERF1",0,0,0,0,0,96.43915,11.26765,0,0,0,0,0,0,0,0,0,0,0
"107","ZNF521",0,0,0,0,0,69.52543,8.869546,0,0,0,0,-0.9339724,0,0,0,0,0,0
"108","MRFAP1",0,0,0,0,0,0,0,0,0,2298.892,0,0,0,0,0,0,0,0
"109","MRGBP",0,0,0,0,0,0,0,0,0,1507.332,0,0,0,0,0,0,0,0
"110","BRD8",0,0,0,0,0,0,0,0,0,3221.148,0,0,0,0,0,0,0,0
"111","SGF29",0,0,0,0,0,0,0,481.8706,0,0,0,0,0,0,0,0,0,0
"112","MRFAP1L1",0,0,0,0,0,0,0,0,0,124.1958,0,0,0,0,0,0,0,0
"113","LIN9",0,0,0,0,0,0,0,0,0,0,0,533.2179,0,0,0,0,0,0
"114","LYZ",0,0,0,0,0,0,0,0,-0.6656562,0.9107718,0,0,0,143.6782,0,0,0,0
"115","LIN52",0,0,0,0,0,0,0,0,0,0,0,68.33472,0,0,0,0,0,0
"116","SUZ12",0,0,0,0,0,0,0,0,0,0,0,361.3457,0,0,0,0,0,0
"117","SCOC",0,0,0,0,0,0,0,86.30285,0,0,0,0,0,0,0,0,0,-0.1978247
"118","LIN37",0,0,0,0,0,0,0,0,0,0,0,115.9619,0,0,0,0,0,0
"119","EZH2",0,0,0,0,0,0,0,0,0,0,0,320.826,0,0,0,0,0,0
"120","CHAF1A",0,0,0,0,0,0,0,0,0,0,0,283.6926,0,0,0,0,0,0
"121","AEBP2",0,0,0,0,0,0,0,0,0,0,0,141.8463,0,0,0,0,0,0
"122","MYBL2",0,0,0,0,0,0,0,0,0,0,0,150.1293,0,0,0,0,0,0
"123","EED",0,0,-0.3627514,0,0,0,0,0,0,0,0,116.7481,0,0,0,0,0,0
"124","LIN54",0,0,0,0,0,0,0,0,0,0,0,76.61771,0,0,0,0,0,0
"125","RNF41",0,0,0,0,-0.4603114,-2.026554,0,-1.028935,-0.4832632,0,0,0,0,0,157.6486,0,-1.265714,0
"126","PALB2",0,0,0,0,0,0,0,0,0,188.9327,0,0,0,0,0,0,0,0
"127","CHAF1B",0,0,0,0,0,0,-0.747562,0,0,0,0,134.1015,0,-0.6688395,0,0,0,0
"128","EP400",0,0,0,0,0,0,0,0,0,364.444,0,0,0,0,0,0,0,0
"129","BPTF",0,0,0,0,0,0,0,0,0,0,0,143.9171,0,0,0,0,0,0
"130","ASH1L",0,0,0,0,0,-0.8368658,0,0,0,260.7706,0,-1.210063,0,0,0,0,0,0
"131","PCBP1",369.6727,848.4357,236.2247,456.9391,150.0014,-387.8285,-324.783,133.6,695.9275,-11.18453,67.37298,-69.35408,9.46327,-95.33862,65.53904,-4.949472,-267.8061,16.54412
"132","TUBB",-69.41492,-52.50171,83.52369,-56.55613,28.46601,-93.01593,-140.1392,-86.56592,-52.38369,-87.05994,181.8429,-69.15515,147.7438,421.8453,412.1126,-15.4622,62.52292,-60.46866
"133","SNRPD1",-9.116733,-7.909211,9.941722,37.58096,12.74377,-45.60594,-32.52781,-11.44762,84.53744,-9.952075,329.7927,155.8909,-8.60601,-13.03503,-2.55988,-4.723633,-27.62783,-9.673106
"134","TUBA1C",-19.90625,-35.53689,43.618,-28.1201,-19.56859,37.41616,18.68745,-46.49462,-33.20425,-36.29838,42.1608,-45.5243,97.74526,194.5012,447.0207,-58.23961,88.99338,-23.31266
"135","HSPA8",-9.256558,-18.21663,27.59731,15.63088,99.84106,-118.8688,-98.30191,18.02634,28.36236,-33.77062,37.93933,-9.750266,-5.584485,-49.41354,839.4668,-47.71972,-84.26039,-3.180448
"136","U2AF2",13.07662,40.17061,60.06164,55.2641,140.3242,-84.1874,-62.35878,-3.957969,125.2284,-7.579875,80.21992,20.41987,28.06383,-7.034742,44.83218,-15.83549,-50.97086,-10.36992
"137","RCC2",0.3977989,30.81724,30.95895,73.17171,131.8479,-80.04189,-68.83059,1.006803,105.7764,76.36667,129.9285,36.88324,16.51869,-17.69482,-44.65683,114.8116,-45.53104,21.06621
"138","SNRPD2",2.216677,-1.824322,24.49107,8.485932,61.35829,-12.26663,-11.61434,-2.329769,77.20725,-0.8876285,12.5142,19.95959,4.32008,-8.361603,-8.338951,-4.184239,-6.027259,-1.32305
"139","RBM39",-3.639833,-5.92933,0.9482593,26.97105,285.4579,-79.73984,-59.6979,-5.1641,31.12964,148.4049,215.7128,16.46234,-10.19381,-42.96075,-40.50493,156.5351,-49.53383,-11.7005
"140","HMGB1",0.5346219,21.9397,12.60601,15.40225,21.88325,-20.77209,-18.20879,7.767261,50.40649,-0.08684957,58.75322,7.380621,7.257086,-6.611289,-14.74631,-3.194567,-14.03058,80.64409
"141","SNRPA",14.79565,27.54108,33.04225,15.31945,64.48846,-25.62852,-23.09582,-1.847503,99.99312,1.94858,85.18302,10.49093,-4.311509,-17.70578,-18.86212,32.52515,-20.51837,2.563086
"142","BTF3L4",-0.4158399,6.718237,48.7459,12.68945,5.930788,-14.2026,-11.27655,10.35522,61.89921,-2.091759,-0.01627878,-2.260044,14.67763,-9.375459,-7.974618,-6.282488,-5.342487,69.72296
"143","EIF1AX",7.79937,-0.1807996,12.42552,59.53123,14.35869,-9.831219,-11.43718,-1.425998,16.56399,-3.193208,8.932002,-1.576556,-3.158185,-8.514003,-8.227295,4.712212,-7.671154,111.9155
"144","NUCKS1",4.658496,-3.109565,17.25824,111.821,49.83167,-24.21054,-18.39857,-8.118049,51.43361,0.5126609,34.34158,33.06912,-1.951227,-9.724461,-6.84434,-5.45438,-11.50244,3.227805
"145","ENO1",0.05087124,57.97439,57.29257,55.75103,103.611,-37.28222,-27.95962,12.84283,109.2176,-12.62266,120.6373,43.30067,-3.538807,-25.87107,-22.03895,4.045731,-23.98787,8.542668
"146","CKB",5.736289,48.51837,60.35238,58.16751,140.5327,-33.06161,-26.43054,4.756597,38.97583,-10.40956,97.7008,13.58107,-0.1622823,-19.55741,-21.31862,32.23304,-22.57058,-1.283225
"147","EIF5A",2.577441,16.21175,20.8849,21.31206,14.28428,-16.05758,-12.09968,5.773855,12.20634,-1.098315,26.26267,22.18657,-1.0383,-10.84613,-10.59555,-3.394795,-11.95424,90.8794
"148","CPSF6",13.73131,10.96399,78.14525,89.34605,60.79754,-50.44482,-40.76987,1.547418,55.13258,20.06323,141.5424,1.873635,8.855027,-21.48146,-12.0632,-1.637096,-32.74623,-9.812847
"149","BTF3",-0.03402364,17.18459,8.047504,9.754771,16.58565,-11.47069,-9.442386,-3.89719,11.93698,-2.70463,7.148048,3.628044,12.41454,-0.2771001,-7.442541,4.697064,-7.325747,51.04986
"150","EEF1A1",0.06120673,1.055446,18.83867,1.405694,-1.698949,-14.99797,-20.38403,-7.038862,21.6207,-11.58858,2.114147,-5.330546,49.49786,69.10795,-12.39952,-15.12956,-12.17101,11.65743
"151","HNRNPF",17.88562,1.278722,13.78024,25.66862,7.971943,-33.3519,-25.52849,6.910653,39.77139,-5.412305,10.83682,19.64754,-4.045151,-3.959911,100.9189,-11.06719,-19.8309,1.350373
"152","RCN2",1.007672,71.1698,25.27289,45.19919,5.086817,-17.83467,-14.32975,-4.536886,53.29827,-6.380491,1.262821,8.994958,3.21801,-10.4008,-3.251889,-6.906583,-13.38027,30.02343
"153","PCBP2",2.802417,49.52394,36.02685,5.728845,73.38507,-22.24914,-12.46808,-2.821325,-2.457053,-2.409273,-0.5626999,-5.161009,6.676431,-12.20814,-7.469895,6.323759,-1.73069,22.01602
"154","C1QBP",-4.373973,0.8166431,1.279727,6.437904,54.27547,4.285652,3.137142,-5.181079,9.242705,-4.266978,14.52934,25.02064,-3.607476,-10.01339,-9.494723,-7.387165,-6.344787,-3.196371
"155","NCL",7.224252,15.63648,37.7131,122.1383,57.45282,-28.2831,-22.62707,5.19146,99.12891,-12.85897,68.72815,47.1987,3.246719,-21.23441,-17.65385,5.706698,-15.7007,40.09599
"156","NPM1",-1.087369,2.606116,7.87649,23.41647,47.95069,-9.272044,-10.07455,-2.393807,18.70607,-3.537873,72.80558,25.579,-1.793879,-9.429454,-8.693678,6.154099,-10.79792,15.51893
"157","SNRNP70",4.047656,3.881399,8.201245,17.4077,49.86637,-20.40344,-17.39262,5.377297,20.76623,-2.391975,71.55485,44.88146,-1.146996,-5.848971,-13.71438,16.71759,-15.33645,-0.7230146
"158","TUBA1B",-5.892603,-1.88964,4.726642,-0.2300212,28.96489,-26.48552,-19.95856,1.623411,10.44706,4.537671,52.11313,3.29554,-1.763368,-12.71078,118.0926,-0.2339175,-16.67977,-1.930112
"159","HSP90AA1",11.2175,35.72312,20.75999,68.04521,54.27816,-38.62843,-31.41933,-2.258332,17.90639,-1.751756,157.2114,26.24014,-1.74011,-24.60414,-22.4671,41.21562,-25.53591,45.24878
"160","PUF60",42.68756,-5.557035,6.257819,106.4395,-1.191056,-18.32927,-5.63682,1.010561,37.1187,-4.541761,13.538,11.22517,15.62115,-1.374379,-7.596749,-7.226818,-10.59555,-0.02514735
"161","TUFM",-3.612431,-5.752955,5.317776,4.777506,-1.962991,-10.6873,-15.41999,41.52993,7.147264,-5.784732,3.944318,1.661606,12.36961,66.81714,-5.028521,-8.145269,-8.410966,-3.673782
"162","HSP90AB1",14.45578,19.70814,4.593559,17.18044,45.10211,-18.99843,-17.34524,-4.182765,20.97887,-1.196609,30.56062,24.08342,0.2538125,-10.02891,-10.46402,20.13571,-16.19427,55.7361
"163","CLTC",50.5774,68.65144,43.95524,73.06354,77.81807,-53.99419,-35.13123,-4.651809,80.02495,-16.2193,9.461167,108.8015,-4.02723,-30.2367,-14.22384,-7.521779,-30.4954,58.18787
"164","EIF5B",-0.8408102,13.46945,14.15922,56.04703,50.14149,-22.18224,-17.70423,-0.833681,18.30364,11.76955,11.76626,13.93621,4.810034,-6.725938,-12.71858,3.386744,-14.77921,18.39524
"165","CACTIN",0.7935393,21.5403,6.977764,16.59146,26.01916,-11.42247,-10.57367,-2.682012,19.80576,-1.090726,54.27631,6.355787,-0.9962604,-7.646684,-6.564853,0.1001799,-8.667051,0.4841711
"166","NACA",4.482372,8.458126,17.9213,40.4069,99.82572,-24.47307,-23.71849,-9.124991,76.37905,3.218659,44.67198,11.57071,-2.440034,-15.16601,-10.26967,-3.337625,-20.52255,71.44393
"167","MCM3",-1.19732,-1.711475,23.36196,56.91434,7.069569,-8.677622,-6.36978,-3.368679,17.98206,-2.263253,9.106138,6.237901,7.217112,-2.364743,-6.711652,-0.2427474,-6.014976,30.13834
"168","DYNC1H1",1.391856,3.30329,19.46946,18.29578,37.08213,-13.39457,-16.92378,-6.777792,4.032219,-6.534967,-2.217284,61.34929,4.630636,-7.338154,-3.479506,-7.487454,-12.33728,14.89378
"169","SNRPD3",8.703256,2.132882,6.382907,1.628476,17.88515,-7.956893,-4.209606,-0.4870756,15.11118,0.8114253,84.24552,37.14746,-2.490419,-5.612295,-2.525176,-0.7561998,-5.521485,-1.912286
"170","MFAP1",4.604842,-0.04097727,5.320946,31.54071,64.11119,-9.373658,-9.082634,-5.040987,8.178656,1.23132,62.78137,39.02332,0.02245863,-6.959394,-7.622389,5.77999,-9.937763,-3.346253
"171","SPTAN1",16.57999,3.091495,7.051858,4.72508,19.8658,-13.62205,-6.998581,1.042571,38.46346,-3.985913,0.4124159,57.18763,3.431677,-6.127993,6.508764,-2.158313,-4.015775,4.462856
"172","SPTAN1",17.5176,51.98261,7.634393,5.316862,20.62771,-13.22259,-6.86543,1.649148,39.84823,-3.874954,0.6787179,-3.993883,3.947637,-5.462238,7.766302,-1.536941,-3.954747,5.002857
"173","HNRNPA2B1",31.04481,0.5477929,3.550519,16.23014,2.30208,-5.320502,-7.433252,-0.8147634,12.86733,-2.859844,4.596488,1.973374,1.017361,-5.262603,-4.884493,7.224464,-1.066981,51.44402
"174","PUF60",35.90504,7.952107,67.59047,-3.462184,7.316257,-19.40564,-15.26882,-6.40597,31.44004,2.982929,11.62375,37.86008,-4.378986,4.048945,-8.025712,-6.411243,-11.46295,53.17211
"175","SSRP1",-0.6379777,-1.208423,-0.8151963,-1.041786,2.616289,-4.303741,-3.537982,-1.379903,0.8640253,10.85951,3.654311,61.98883,0.1219241,-2.753945,-2.621835,-1.783864,4.150543,0
"176","DDX46",-0.5054774,8.96281,1.469327,18.99467,0,-6.663826,-1.129135,-2.237446,16.92261,-3.346369,-1.218174,27.2219,-2.223265,132.6339,-5.712882,-2.939083,-5.409992,3.52836
"177","FBN2",0,-5.541035,0,0,321.8923,-18.41012,-6.043704,0,37.86947,-7.564628,-3.530353,13.90996,-4.75213,-10.75468,97.10047,202.7373,-2.256926,0
"178","FLNA",1.140582,5.77128,-0.7076073,0.7203054,21.56178,-2.736551,-1.438307,-1.337316,-0.9462029,-0.7870877,0,65.47334,-0.2228057,-2.379708,-1.866313,0.3211019,-1.34208,4.820725
"179","CSE1L",-0.4518773,-0.7457308,-0.4429954,-0.531307,-0.164542,-2.368296,-1.787869,-0.7331656,0,0,0,-0.7085765,-0.5033582,-1.247009,0,-0.9488317,62.46136,-0.4620371
"180","DSP",-0.7291594,-0.3577751,1.527464,-0.7068508,0,0,-0.809173,0,1.416217,-0.6760644,68.85155,-0.8841202,-0.5768848,1.228729,12.07511,-1.212147,0,0.6917939
"181","CTBP2",0,0,0,0,0,68.04325,15.43722,0,0,0,0,0,0,0,0,0,0,0
"182","ZNF592",0,0,0,0,0,56.03346,18.83222,0,0,0,0,-0.6710224,0,0,0,0,0,0
"183","MGA",0,0,0,0,0,60.77029,14.04167,0,-0.2898191,0,0,0,0,0,0,0,0,0
"184","TRMT1",0,0,0,0,0,-0.5190492,0,0,0,54.51935,0,0,0,0,0,0,0,0
"185","FBN1",0,0,0,0,70.10185,0,0,0,-0.5907942,0,0,-0.6307528,0,-1.364168,4.875618,25.39756,0,0
