ROW_NAMES,Halo_ARID4A_REPLICATE_dS_AVG,Halo_ARID4B_REPLICATE_dS_AVG,Halo_BRMS1_REPLICATE_dS_AVG,Halo_BRMS1L_REPLICATE_dS_AVG,Halo_GATAD1_REPLICATE_dS_AVG,HDAC1.Halo_REPLICATE_dS_AVG,HDAC2_Halo_REPLICATE_dS_AVG,Halo_ING1_REPLICATE_dS_AVG,Halo_ING2_REPLICATE_dS_AVG,MORF4L1_Halo_REPLICATE_dS_AVG,Halo_PHF12_REPLICATE_dS_AVG,Halo_RBBP4_REPLICATE_dS_AVG,Halo_SAP30_REPLICATE_dS_AVG,Halo_SAP30L_REPLICATE_dS_AVG,Halo_SAP130_REPLICATE_dS_AVG,SIN3A_Halo_REPLICATE_dS_AVG,SIN3B_2_Halo_REPLICATE_dS_AVG,Halo_SUDS3_REPLICATE_dS_AVG,complex
RBBP7,-105.321,-82.91613,-77.10467,-118.5383,-22.39849,-378.0124,368.7006,376.4794,-111.6674,-52.48265,-32.61351,-143.6073,479.3432,757.1339,-283.783,816.2908,1136.38,-70.05903,1
HDAC1,-118.6881,-156.984,-94.83525,-94.95974,-27.5706,4163.157,-388.4506,-56.5857,-106.878,-24.68932,-38.35167,-152.8114,-38.81122,171.8725,-283.1742,411.0599,439.8173,-103.1841,1
SIN3B,-37.8351,-122.3249,-35.6343,-109.5024,-61.79589,-435.289,-270.6065,-72.79648,-85.31962,-86.54976,7.53444,-39.46147,-63.76886,-175.2693,-142.1677,-56.04641,15864.39,-100.3178,1
HDAC2,-102.6304,-129.5984,-79.60883,-98.91546,-29.67374,-443.6927,4546.451,-94.75926,-90.64212,-25.41352,-38.17543,-61.47247,-76.66827,-84.81365,-245.1602,108.5221,998.2364,-91.77224,1
RBBP4,-38.26748,-91.42571,-68.35728,-72.98347,-11.69642,317.2957,332.1745,-85.3707,-69.16356,-54.97262,-9.328052,1669.222,-43.74538,4.738141,-176.946,342.9281,897.595,-69.35739,1
SIN3A,-160.1484,253.3464,278.9255,313.7215,0,-759.2698,-556.2383,391.5099,173.716,0,0,-132.6089,780.5531,2949.727,43.72811,3561.998,-172.2102,-59.79463,1
SUDS3,-39.33935,34.12923,236.1623,123.9745,0,-217.9373,-138.1045,98.43589,-44.6449,0,0,-17.73244,16.1388,290.9833,-40.63978,102.9918,-148.8236,3657.531,1
BRMS1L,-28.05174,60.90623,0,691.4778,0,-170.4171,-104.5424,323.9788,39.7313,0,0,-22.1789,132.29,652.3821,66.23309,172.5002,-58.22482,5.931499,1
RBBP7,-37.93446,-50.73275,59.34659,-37.77728,-14.66147,19.72915,0,0,-25.70722,-34.14306,-19.33641,-48.84952,-6.397701,110.2244,0,157.1093,2107.477,-33.03369,1
SAP30L,-11.82149,10.01217,0.3668469,26.27927,0,-57.53784,-40.06844,43.85412,-7.547071,0,0,-0.9392325,-10.9698,849.7329,-31.27329,86.57517,-17.60889,-10.13434,1
ARID4A,9185.127,-13.22026,78.00515,85.27592,0,-130.1532,-75.78747,-35.81089,-54.07333,0,0,-3.817438,-1.592144,-82.24635,-137.3806,-89.04247,-23.94244,-33.9253,1
ING1,-24.13245,-32.07945,-19.5191,-10.48994,0,-80.63304,-44.70249,3532.726,0,0,0,0,-1.83127,-18.82378,-23.77534,-40.85698,-4.101802,-20.82675,1
ARID4B,0,6713.069,75.87478,71.52389,-1.834418,-136.6606,-56.68096,-10.76426,-43.10852,0,0,-9.636259,-12.90274,150.0499,-121.0575,-90.2855,-42.59775,-37.48335,1
SAP30,-11.25002,7.758933,47.05046,39.09675,0,-49.30972,-36.38537,76.72934,42.58339,0,0,-5.29886,422.4192,-20.74781,-15.76967,201.9836,-8.777694,-2.831442,1
ING2,-9.373992,-4.509471,-8.346111,-1.059405,0,-44.25896,-18.41774,-7.756816,1192.346,0,0,-1.581982,12.69514,26.42981,-17.39192,58.97448,-1.442714,-9.353821,1
FAM60A,-4.336823,-1.964663,2.738028,16.57592,0,-16.4986,-16.32599,37.25797,-3.78854,0,0,-3.9594,12.06496,140.2247,-0.4128345,34.41204,-4.250686,-1.872298,1
BRMS1,-5.916938,7.846907,394.4289,0,0,-24.89846,-17.72568,2.307632,-3.336834,0,0,0,9.973013,133.1274,-13.34295,5.126497,-3.029257,0.9577494,1
TNRC18,0,0,-0.9188408,4.896187,0,-17.03723,-13.65814,51.27522,0.7151146,0,0,0,37.7257,108.4833,27.65016,14.02933,-12.8301,6.698789,1
SAP130,-6.797588,-10.15466,-6.188001,-7.63225,0,-23.98274,-17.20524,11.18174,-7.328685,0,0,-1.693537,2.739815,4.54683,868.9116,-11.56321,-3.638162,-6.62774,1
ARID4B,0,0,-3.026139,57.53811,-0.9844445,-17.79064,-13.01356,-4.750826,22.16947,0,0,-4.11143,26.65607,-9.682471,116.9352,38.61664,-9.091078,25.54237,1
SAP130,-8.673458,-17.16126,-8.647119,-10.56376,0,-29.30062,-21.17508,-9.209179,-12.03943,0,0,-1.894966,-9.356771,-24.535,1880.751,-22.46279,-4.074592,-9.056084,1
SAP130,-4.541901,-2.410332,-3.473844,-4.231061,0,-17.42151,-12.82368,30.64994,-2.264945,0,0,-1.471217,12.78039,32.29458,264.2625,0.4667681,-3.156468,-3.947549,1
HNRNPUL1,-0.9653056,-1.685714,-1.207397,-1.497867,20.56684,-3.468575,-4.200681,-2.322388,0.6305512,7.888826,51.26567,43.60122,-1.355743,-3.944175,-4.279236,19.94497,-4.622726,-1.608297,1
SAP130,-6.407512,-9.836428,-5.612817,-7.111688,0,-22.34463,-15.14463,8.623509,-7.058395,0,0,-1.671292,0.6031661,1.480599,862.9889,-12.03258,-3.049089,-6.149146,1
SAP130,-4.131026,-2.498585,-3.260803,-3.890314,0,-15.84657,-11.21961,27.59401,-2.269785,0,0,-1.431596,9.856987,28.25918,254.4455,-1.426046,-2.629621,-3.592391,1
BAHCC1,0,0,-1.349721,-1.085213,0,-7.332992,-3.127474,17.68532,-1.63071,0,0,0,21.13565,54.59159,17.89435,-2.688989,0,20.00216,1
PHF12,0,0,0,0,20.61956,-38.90959,-27.20603,0,0,140.0471,1535.638,0,0,0,0,0,-6.840576,0,1
TUBA1A,-14.35132,-21.79668,86.21686,-16.04929,0.4851066,-0.1843524,-28.26022,-21.79915,-14.11685,-21.19524,10.26679,-20.9756,-14.08637,52.33961,47.1667,8.733591,464.7629,-14.31977,1
CHD4,-1.26269,-5.982628,-3.536741,-5.206533,-5.759795,797.1845,235.821,-5.298102,-2.038687,-6.61572,-3.778934,244.1316,-3.449404,-7.167061,-5.723303,-6.717064,0,-7.972951,0
GCN1,0,-1.706222,2.9433,0,0,-1.232144,-6.306359,-1.974938,-0.6506633,-1.94692,0,-2.200496,16.7074,56.98585,12.92711,-2.229486,20.91873,-1.315746,0
GATAD1,0,0,0,0,1972.821,-36.0994,-20.08531,0,0,-9.883369,27.61821,-3.381434,0,-3.212931,0,0,-20.71616,0,0
GATAD2B,-2.617218,-2.831276,0,0,0,391.7733,334.7004,-1.524541,-0.9506779,0,0,82.51794,0,-2.373033,-4.050654,-1.60939,0,-3.707392,0
MTA1,0,0,0,-1.960244,0,2167.005,1258.157,0,-1.272657,0,0,674.5179,0,0,-0.6787882,0,0,-1.925579,0
MBD3,0,0,0,0,0,721.7223,454.1507,0,0,0,0,105.7334,0,0,0,0,0,-2.611899,0
MTA2,0,-2.546044,0,0,0,1252.618,466.9442,0,-1.132995,0,0,338.6403,0,0,0,0,0,-1.692809,0
MBD2,0,0,0,0,0,175.7935,99.91274,0,0,0,0,57.55785,0,0,0,0,0,0,0
GATAD2A,0,-1.053747,0,0,0,161.917,170.1187,0,0,0,0,94.12515,0,0,0,0,0,0,0
CHD3,0,-0.867093,-1.382165,0,-1.507199,850.0772,469.5518,-1.702253,-0.4256759,-1.341606,0,85.52847,-0.5093617,-2.087582,-0.5890582,-1.281505,0,-2.671219,0
PRKDC,0,-7.875514,12.53342,-5.071808,-3.450315,19.00648,-19.49504,-7.411448,-4.52514,-7.750329,-2.942544,-6.01551,51.39823,141.5717,16.0402,-10.41939,13.04833,-1.261277,0
CAD,-0.8657059,-3.88884,9.749874,-2.844592,-1.19415,21.48157,2.788195,-3.81875,-1.793346,-3.645294,0,0.9369943,5.44483,10.63368,8.654232,-3.662294,3.9324,-2.359612,0
CCT2,-1.261376,-6.502949,-6.652906,-7.063098,-3.722216,465.466,977.3335,-1.676964,-4.102678,-1.667624,-3.116628,-12.9806,-5.716836,-7.634082,-6.661829,-4.186828,-5.511848,-6.249126,0
CCT5,-2.544371,-6.541212,-5.517806,-6.755196,-2.524946,310.0136,457.5115,-3.377881,-5.648168,-4.082908,0,-5.818633,-5.460307,-9.025689,-10.26892,-5.878565,-8.433214,-5.307381,0
TUBB6,-0.4065679,-5.173569,-1.966165,-0.5068237,-2.255421,50.30558,7.427179,-2.993833,-1.113568,-3.704191,0,-3.890757,11.7988,36.92333,-1.035713,-5.043594,17.04362,-3.22548,0
CHD4,-1.306823,-6.295242,-3.720631,-5.500757,-6.255073,1060.001,568.5795,-5.562904,-2.121069,-6.983501,-4.014313,-17.99423,-3.618584,-7.490708,-5.963586,-7.050518,0,-8.590822,0
TCP1,0,-1.311235,-4.409096,-2.632653,-3.607579,528.8659,761.3608,0,-1.772613,-1.638965,-4.675008,-13.83981,-7.744887,-18.75815,-5.512351,-3.00421,-7.706995,-1.51271,0
MSH2,0,-0.6305194,-0.5020739,-0.8206528,-0.4563726,0.2737249,-2.016239,-0.7406843,0,-1.076987,-0.02681077,0,20.22324,57.84644,-1.915347,-1.377989,-2.27892,0,0
CCT3,-1.724812,-2.497178,-3.444858,-4.385407,-1.091741,181.6271,400.429,-1.376053,-2.337304,0,0,-5.364888,0,-4.230389,-1.567934,-1.460902,-3.013178,-3.11344,0
CCT4,-0.9986138,-2.38594,-1.536468,-1.225685,0,186.521,304.227,-1.326614,-3.099177,0,0,-5.97137,-2.091148,-1.211358,-1.518495,0,-2.901941,-4.127498,0
CCT6A,0,-3.05522,-3.272163,-5.555335,-1.33976,421.5766,829.3004,0,-1.743534,0,0,-7.34904,-1.194796,-7.316729,0,0,-10.126,-4.759988,0
CCT8,-1.004825,-2.404574,-2.998754,-3.087472,-2.813629,167.5557,325.7665,0,-4.327108,0,0,-6.480471,-2.109782,-2.088565,-3.882162,-0.825397,-2.547763,-1.596219,0
MORF4L1,0,0,0,0,-14.97563,-26.41834,-17.66879,0,0,11057.22,-15.50638,-2.067454,0,0,0,0,-28.69555,0,0
CCT7,0,-4.045991,-2.425377,-1.414473,0,317.7421,565.383,-1.515402,-3.521056,0,0,-9.910931,-1.113294,-3.234889,-2.952469,0,-9.147975,-4.216641,0
EMSY,0,0,0,0,35.28369,12.82018,-1.048876,0,0,0.7214054,19.14042,0,0,0,0,0,0.1146647,0,0
KDM5A,0,0,0,0,38.62672,2.597123,-3.016621,0,0,26.29458,47.24601,0,0,0,-0.96187,0,-1.679373,0,0
ERC1,36.05729,-6.230987,0,0,-2.760159,0,0,910.9707,-1.364733,0,0,0,0,-8.241755,-2.566622,0,0,0,0
CDK2AP1,0,0,0,0,0,98.57253,48.29177,0,-0.6168192,0,0,8.592877,0,0,0,0,0,-0.8325151,0
MTA3,0,0,0,0,0,822.6119,88.84276,0,0,0,0,-10.76554,0,0,-0.5397144,0,0,0,0
PWWP2A,0,0,0,0,0,80.46457,63.92362,0,0,0,0,3.050244,0,0,0,0,0,0,0
CHD5,0,-0.3143177,-0.4777692,0,-1.219347,33.64284,237.272,-1.114255,0,-0.9006071,0,1.400638,-0.8124331,-0.9147244,-0.8667176,0,0,-0.9786601,0
RCOR1,-0.7326456,0,0,0,0,787.7487,872.2151,0,-1.856009,0,0,-2.948915,-1.265093,0,0,0,0,0,0
KDM1A,-1.443251,-2.682633,-2.425742,0,0,1621.924,1402.482,0,0,0,0,-3.352239,0,-1.655995,-3.760591,0,0,-5.287082,0
C16orf87,0,0,0,0,0,126.3674,141.1192,0,0,0,0,0,0,0,0,0,0,0,0
MIER1,-0.9059482,-0.5345206,0,0,0,927.3481,517.7219,-0.6793581,0,0,0,-0.6752599,0,0,0,-0.7076412,0,-0.6341598,0
DNTTIP1,0,0,0,0,0,275.3313,87.34208,0,0,0,0,0,0,0,0,0,0,0,0
WDR5,0,0,0,-1.044934,0,191.5742,105.1411,0,0,0,0,0,0,0,0,0,-1.866234,0,0
ZMYM2,0,0,0,0,0,383.4843,306.0777,0,0,0,0,0,0,0,0,0,0,0,0
GSE1,0,0,0,0,0,274.181,268.4239,0,0,0,0,0,0,0,0,0,0,-0.7204478,0
MIER3,0,0,0,0,0,109.9217,181.5695,0,0,0,0,0,0,0,0,0,0,0,0
MIDEAS,0,0,0,0,0,314.2536,171.7749,0,0,0,0,0,0,0,0,0,0,0,0
ZMYM3,0,0,0,0,0,232.29,341.7338,0,0,0,0,0,0,0,0,0,0,0,0
CTBP1,0,0,0,-0.9865624,0,205.129,50.34801,0,0,0,0,0,0,0,-1.279373,0,0,-0.951897,0
HMG20A,0,0,0,0,0,83.50679,66.77368,0,0,0,0,-0.9073132,0,0,0,0,0,0,0
RERE,0,0,0,0,0,299.5857,286.5873,0,0,0,0,0,0,0,0,0,0,0,0
RCOR3,-0.4770202,0,0,0,0,141.9459,72.93406,0,0,0,0,0,0,0,0,0,0,0,0
CDYL,0,0,0,0,0,100.6269,97.42696,0,0,0,0,0,0,0,0,0,0,0,0
GSE1,0,0,0,0,0,98.33454,164.8841,0,0,0,0,0,0,0,0,0,0,-0.5971714,0
ZNF516,0,0,0,0,0,250.3075,121.9732,0,0,0,0,0,0,0,0,0,0,0,0
MIER2,0,0,0,0,0,96.03281,67.38717,0,0,0,0,0,0,0,0,0,0,0,0
BCL11A,0,0,0,0,0,108.2077,100.1436,0,0,0,0,-1.954881,0,0,0,0,0,0,0
ZNF217,0,0,0,0,0,157.4158,102.9209,0,0,0,0,0,0,0,0,0,0,0,0
RREB1,0,0,0,0,0,239.4446,118.8088,0,0,0,0,0,0,0,0,0,0,0,0
RCOR2,0,0,0,0,0,69.43271,48.01904,0,0,0,0,0,0,0,0,0,0,0,0
PHF21A,0,0,0,0,0,73.40631,65.88661,0,0,0,0,0,0,0,0,0,0,0,0
RCOR3,-0.3919227,0,0,0,0,66.001,42.25477,0,0,0,0,0,0,0,0,0,0,0,0
ARID5B,0,0,0,0,0,95.81339,70.13124,0,0,0,0,0,0,0,0,0,0,0,0
RREB1,0,0,0,0,0,104.7568,72.8225,0,0,0,0,0,0,0,0,0,0,0,0
MGA,0,0,0,0,0,70.17488,83.80261,0,-0.3646131,0,0,0,0,0,0,0,0,0,0
EPPK1,19.2511,-0.9945705,0,0,0,0,0,0,-0.4521214,0,-0.4217299,-0.9005396,0,0,72.28043,-0.9087835,0,7.10155,0
HSPA1A,143.3203,52.70627,-30.07186,-50.70483,-45.59339,-470.6467,-287.754,-114.8894,327.2484,-86.50362,-10.06614,17.2503,-26.84649,-139.1038,5558.398,-188.1047,-297.649,50.04667,0
HSPA9,-10.74431,-28.90723,-13.66823,8.067707,-2.667991,-126.0734,-83.76153,-30.44513,14.07563,-36.36586,18.9663,-24.27827,-26.59659,-72.41119,2435.34,-52.17014,-57.77438,-15.753,0
TUBB4B,-3.993022,-5.944246,3.895274,-3.717824,-2.710107,-18.50073,-14.65626,-0.4898194,-1.94469,-3.030278,-2.881237,-5.763087,9.840797,167.5549,45.51333,-8.419106,-12.36086,-3.809856,0
TUBA4A,-4.531058,-4.359451,6.50756,-3.952737,4.831451,-18.31829,11.26521,-2.985886,-2.750944,1.210986,25.00974,0.2033387,-0.2523594,-5.875979,70.98452,1.381426,-11.42964,-3.952007,0
ATP5A1,-2.639383,-4.133381,5.073339,-3.065522,0.4735441,0.8344588,-9.523197,1.277454,-2.82231,-4.020438,-1.185025,-3.187299,20.7294,21.61293,23.70516,-5.433036,13.88605,-2.798177,0
LGALS3BP,1.689524,10.93612,-0.860097,-1.47029,9.181847,-9.722844,-5.904931,17.85948,15.21892,-2.753783,-0.8167425,14.84095,2.523777,2.024436,0.444722,-0.5472162,-3.596454,13.20317,0
HNRNPM,38.94093,-0.9179866,9.893077,25.47838,-1.382787,-10.55545,-8.319515,18.81705,14.26164,-3.113875,-1.336472,-2.011457,2.422994,0.3328969,3.295331,-4.025177,-4.485836,-0.8264617,0
TUBA8,-1.605824,-1.843028,-1.233387,-1.44709,3.470781,-6.82998,-5.204154,-0.00537775,-1.530613,2.834767,8.598587,3.554913,-0.8974391,-3.773402,55.59392,6.261124,-4.289107,-1.311962,0
HIST3H2BB,-1.07976,-1.699752,-1.020939,-1.253614,0.8811923,4.591296,34.93566,-0.4315176,-1.059758,-1.645796,4.683755,1.715924,-1.11024,-2.752486,-0.4018976,-0.1262359,-2.836463,-1.04673,0
CALU,9.292833,2.759883,21.43858,19.218,-0.539605,-3.163566,-2.782606,-1.24342,1.841903,-1.254903,0,-0.8696244,0.3724527,-0.9269328,-1.784909,-1.631659,-2.167596,1.179598,0
KPNA2,-1.646845,-1.758946,-1.238203,-1.630958,-0.6864551,-6.513004,-5.280771,-1.479436,-0.959568,35.0213,-0.3517267,1.581253,-0.7048172,-4.021212,-2.389332,-1.649135,116.6492,1.424385,0
HIST1H2AC,-0.6322067,-0.5000936,-0.2539671,0.1106462,4.38748,-2.678088,-1.893356,-0.2750683,0.8457012,-0.7177191,26.94148,6.301037,-0.5421611,-1.446284,4.806706,-0.8206717,-1.555898,-0.4683666,0
FOXK1,0,-0.671565,0.2830512,-0.8501677,0,-2.266382,-0.8629168,18.90257,0,0,0,0,6.15506,2.443098,-1.646095,-0.1633135,-1.49517,33.34755,0
HSPA4,-1.40735,3.664197,-0.8281094,0.03465504,0.8133874,-2.018013,0,-1.176497,3.85943,-1.819624,-0.1053039,3.449007,-1.341359,-1.475737,128.3523,-2.509064,0,-0.7808135,0
KPNB1,-0.993238,-1.174748,-0.7648669,-0.9011155,3.248343,-3.331136,-0.8863499,-1.304833,0.980995,0,-0.5707474,3.903891,-0.8799559,-2.302137,-2.218541,0,90.69298,0.323485,0
KPNA3,-0.8606629,-1.363058,-0.7464773,-0.9359496,0.4896708,-3.137723,-2.799653,0,-0.9288041,3.873055,-0.4855966,1.937193,-0.7726019,-2.210537,-2.118945,-1.725297,78.8244,-0.8666187,0
ANXA2,-0.4180866,-0.5370893,0,0.2325006,0.02091714,0,0,-0.5049023,7.121186,0,2.185406,0.219358,-0.2422969,1.924891,-0.8015212,0,-0.625683,35.61054,0
TROVE2,0,0,0,-0.5807307,13.21091,-2.352842,-1.177182,-0.6223437,1.051462,-0.6036248,46.39385,6.361346,-0.5065401,-0.7431467,0,-0.7071932,1.297924,-0.3616347,0
PABPC4,-0.4625998,-0.609742,0.2037201,1.410291,10.26917,-0.6591087,-1.340691,-0.5888554,1.315492,0.315505,27.50873,0.6415048,-0.3798937,-1.059332,-1.093642,0.6454524,-0.4117224,-0.01309011,0
DECR1,-0.3020591,2.245102,0,62.02491,0,-3.524182,0,0,0,0,0,0,9.378738,15.13077,-0.9641678,0.3156969,-0.8262211,10.14383,0
FOXK2,0,-0.6360329,1.301436,-0.2637883,0,-1.920225,-0.7114173,11.27234,0,0,0,0,3.574656,0.8356335,-0.6881517,-0.6399123,-0.6633034,32.14267,0
HSPH1,-0.5325474,2.157822,-0.4183619,-0.3422283,-0.1316973,-0.6853131,0,0,-0.4920991,0,0,3.112647,1.992901,-1.132955,52.2181,0,0,-0.238232,0
KPNA4,0,0,0,0,-0.6615647,20.55938,3.534133,0,-0.3710543,12.69367,0.935354,12.81623,-0.6861494,0,-1.813417,0,46.87819,-1.158465,0
S100A9,-0.5969993,0,-0.5827595,-0.2669967,0,-1.224885,-1.465211,0,49.0803,0,0,-0.8949286,-0.5930974,39.68988,-1.549455,0,-0.7651122,-0.6483283,0
SMARCA5,-0.3429801,-0.4143329,0,-0.2409146,0,-0.8564961,-1.035786,0,-0.3074147,0,0,47.20042,-0.3160687,-0.5557245,0.3906422,0,-0.8931508,0,0
CANX,-0.7974,-0.9401055,-0.514894,-0.6018465,-0.4734661,0,0,0,-0.8126928,0,0.2529246,-1.04502,-0.5450754,-1.749536,-0.9496592,-0.8426274,122.7838,-0.6403402,0
SAP30L,1.057199,0,-0.3220155,5.740455,0,-3.863604,-3.253922,-1.500478,-1.13246,0,0,-0.5376851,0,118.3973,3.415946,-1.973976,0,-0.8787989,0
MTA3,0,0,0,0,0,-3.28503,97.88404,0,0,0,0,15.06397,0,0,-0.3458019,0,0,0,0
ZNF219,0,0,0,0,0,67.39872,14.31774,0,0,0,0,12.04507,0,0,0,0,0,0,0
HSPA4L,0,-0.4644877,-0.2622851,-0.376229,-0.1928465,-0.6228824,-0.6529889,-0.3328627,-0.3672377,0,-0.1734011,-0.2768527,-0.3442604,0,55.55669,0,0,-0.2210291,0
RCOR3,-0.4581988,0,0,0,0,40.13001,157.6894,0,0,0,0,0,0,0,0,0,0,0,0
MIER3,0,0,0,0,0,17.6138,111.4875,0,0,0,0,0,0,0,0,0,0,0,0
MORF4L2,0,0,0,0,0,0,0,0,0,10.76927,99.4583,0,0,0,0,0,0,0,0
ZNF512B,0,0,0,0,0,-4.147934,0,0,0,0,0,218.9028,0,0,0,0,0,0,0
BCL11B,0,0,0,0,0,70.45421,34.79699,0,0,0,0,-0.8891362,0,0,0,0,0,0,0
TRERF1,0,0,0,0,0,96.43915,11.26765,0,0,0,0,0,0,0,0,0,0,0,0
ZNF521,0,0,0,0,0,69.52543,8.869546,0,0,0,0,-0.9339724,0,0,0,0,0,0,0
MRFAP1,0,0,0,0,0,0,0,0,0,2298.892,0,0,0,0,0,0,0,0,0
MRGBP,0,0,0,0,0,0,0,0,0,1507.332,0,0,0,0,0,0,0,0,0
BRD8,0,0,0,0,0,0,0,0,0,3221.148,0,0,0,0,0,0,0,0,0
SGF29,0,0,0,0,0,0,0,481.8706,0,0,0,0,0,0,0,0,0,0,0
MRFAP1L1,0,0,0,0,0,0,0,0,0,124.1958,0,0,0,0,0,0,0,0,0
LIN9,0,0,0,0,0,0,0,0,0,0,0,533.2179,0,0,0,0,0,0,0
LYZ,0,0,0,0,0,0,0,0,-0.6656562,0.9107718,0,0,0,143.6782,0,0,0,0,0
LIN52,0,0,0,0,0,0,0,0,0,0,0,68.33472,0,0,0,0,0,0,0
SUZ12,0,0,0,0,0,0,0,0,0,0,0,361.3457,0,0,0,0,0,0,0
SCOC,0,0,0,0,0,0,0,86.30285,0,0,0,0,0,0,0,0,0,-0.1978247,0
LIN37,0,0,0,0,0,0,0,0,0,0,0,115.9619,0,0,0,0,0,0,0
EZH2,0,0,0,0,0,0,0,0,0,0,0,320.826,0,0,0,0,0,0,0
CHAF1A,0,0,0,0,0,0,0,0,0,0,0,283.6926,0,0,0,0,0,0,0
AEBP2,0,0,0,0,0,0,0,0,0,0,0,141.8463,0,0,0,0,0,0,0
MYBL2,0,0,0,0,0,0,0,0,0,0,0,150.1293,0,0,0,0,0,0,0
EED,0,0,-0.3627514,0,0,0,0,0,0,0,0,116.7481,0,0,0,0,0,0,0
LIN54,0,0,0,0,0,0,0,0,0,0,0,76.61771,0,0,0,0,0,0,0
RNF41,0,0,0,0,-0.4603114,-2.026554,0,-1.028935,-0.4832632,0,0,0,0,0,157.6486,0,-1.265714,0,0
PALB2,0,0,0,0,0,0,0,0,0,188.9327,0,0,0,0,0,0,0,0,0
CHAF1B,0,0,0,0,0,0,-0.747562,0,0,0,0,134.1015,0,-0.6688395,0,0,0,0,0
EP400,0,0,0,0,0,0,0,0,0,364.444,0,0,0,0,0,0,0,0,0
BPTF,0,0,0,0,0,0,0,0,0,0,0,143.9171,0,0,0,0,0,0,0
ASH1L,0,0,0,0,0,-0.8368658,0,0,0,260.7706,0,-1.210063,0,0,0,0,0,0,0
PCBP1,369.6727,848.4357,236.2247,456.9391,150.0014,-387.8285,-324.783,133.6,695.9275,-11.18453,67.37298,-69.35408,9.46327,-95.33862,65.53904,-4.949472,-267.8061,16.54412,0
TUBB,-69.41492,-52.50171,83.52369,-56.55613,28.46601,-93.01593,-140.1392,-86.56592,-52.38369,-87.05994,181.8429,-69.15515,147.7438,421.8453,412.1126,-15.4622,62.52292,-60.46866,0
SNRPD1,-9.116733,-7.909211,9.941722,37.58096,12.74377,-45.60594,-32.52781,-11.44762,84.53744,-9.952075,329.7927,155.8909,-8.60601,-13.03503,-2.55988,-4.723633,-27.62783,-9.673106,0
TUBA1C,-19.90625,-35.53689,43.618,-28.1201,-19.56859,37.41616,18.68745,-46.49462,-33.20425,-36.29838,42.1608,-45.5243,97.74526,194.5012,447.0207,-58.23961,88.99338,-23.31266,0
HSPA8,-9.256558,-18.21663,27.59731,15.63088,99.84106,-118.8688,-98.30191,18.02634,28.36236,-33.77062,37.93933,-9.750266,-5.584485,-49.41354,839.4668,-47.71972,-84.26039,-3.180448,0
U2AF2,13.07662,40.17061,60.06164,55.2641,140.3242,-84.1874,-62.35878,-3.957969,125.2284,-7.579875,80.21992,20.41987,28.06383,-7.034742,44.83218,-15.83549,-50.97086,-10.36992,0
RCC2,0.3977989,30.81724,30.95895,73.17171,131.8479,-80.04189,-68.83059,1.006803,105.7764,76.36667,129.9285,36.88324,16.51869,-17.69482,-44.65683,114.8116,-45.53104,21.06621,0
SNRPF,17.30738,-2.736954,45.59044,-0.1178752,2.999627,-7.976092,-6.616011,-2.782661,40.31205,-2.79468,-0.9222314,-0.2117618,6.660464,13.39369,-4.911428,-3.667741,-2.284662,9.395511,0
SNRPD2,2.216677,-1.824322,24.49107,8.485932,61.35829,-12.26663,-11.61434,-2.329769,77.20725,-0.8876285,12.5142,19.95959,4.32008,-8.361603,-8.338951,-4.184239,-6.027259,-1.32305,0
RBM39,-3.639833,-5.92933,0.9482593,26.97105,285.4579,-79.73984,-59.6979,-5.1641,31.12964,148.4049,215.7128,16.46234,-10.19381,-42.96075,-40.50493,156.5351,-49.53383,-11.7005,0
HIST2H2AA3,-4.486134,-6.092497,0.09132918,3.063224,-1.08586,20.47034,-1.957219,6.417477,4.694322,-5.635659,4.842893,63.57955,-3.84266,-10.16075,2.699523,-5.646104,-11.96563,5.121916,0
HMGB1,0.5346219,21.9397,12.60601,15.40225,21.88325,-20.77209,-18.20879,7.767261,50.40649,-0.08684957,58.75322,7.380621,7.257086,-6.611289,-14.74631,-3.194567,-14.03058,80.64409,0
SNRPA,14.79565,27.54108,33.04225,15.31945,64.48846,-25.62852,-23.09582,-1.847503,99.99312,1.94858,85.18302,10.49093,-4.311509,-17.70578,-18.86212,32.52515,-20.51837,2.563086,0
BTF3L4,-0.4158399,6.718237,48.7459,12.68945,5.930788,-14.2026,-11.27655,10.35522,61.89921,-2.091759,-0.01627878,-2.260044,14.67763,-9.375459,-7.974618,-6.282488,-5.342487,69.72296,0
EIF1AX,7.79937,-0.1807996,12.42552,59.53123,14.35869,-9.831219,-11.43718,-1.425998,16.56399,-3.193208,8.932002,-1.576556,-3.158185,-8.514003,-8.227295,4.712212,-7.671154,111.9155,0
NUCKS1,4.658496,-3.109565,17.25824,111.821,49.83167,-24.21054,-18.39857,-8.118049,51.43361,0.5126609,34.34158,33.06912,-1.951227,-9.724461,-6.84434,-5.45438,-11.50244,3.227805,0
ENO1,0.05087124,57.97439,57.29257,55.75103,103.611,-37.28222,-27.95962,12.84283,109.2176,-12.62266,120.6373,43.30067,-3.538807,-25.87107,-22.03895,4.045731,-23.98787,8.542668,0
CKB,5.736289,48.51837,60.35238,58.16751,140.5327,-33.06161,-26.43054,4.756597,38.97583,-10.40956,97.7008,13.58107,-0.1622823,-19.55741,-21.31862,32.23304,-22.57058,-1.283225,0
EIF5A,2.577441,16.21175,20.8849,21.31206,14.28428,-16.05758,-12.09968,5.773855,12.20634,-1.098315,26.26267,22.18657,-1.0383,-10.84613,-10.59555,-3.394795,-11.95424,90.8794,0
CPSF6,13.73131,10.96399,78.14525,89.34605,60.79754,-50.44482,-40.76987,1.547418,55.13258,20.06323,141.5424,1.873635,8.855027,-21.48146,-12.0632,-1.637096,-32.74623,-9.812847,0
RPLP2,-1.832691,1.238081,1.308388,2.826205,38.17621,-6.57507,-6.412779,-3.144306,29.26015,1.872792,11.74017,23.30498,-0.8157551,-1.355586,3.657044,-0.8808693,-5.83146,0.9374486,0
BTF3,-0.03402364,17.18459,8.047504,9.754771,16.58565,-11.47069,-9.442386,-3.89719,11.93698,-2.70463,7.148048,3.628044,12.41454,-0.2771001,-7.442541,4.697064,-7.325747,51.04986,0
EEF1A1,0.06120673,1.055446,18.83867,1.405694,-1.698949,-14.99797,-20.38403,-7.038862,21.6207,-11.58858,2.114147,-5.330546,49.49786,69.10795,-12.39952,-15.12956,-12.17101,11.65743,0
HNRNPF,17.88562,1.278722,13.78024,25.66862,7.971943,-33.3519,-25.52849,6.910653,39.77139,-5.412305,10.83682,19.64754,-4.045151,-3.959911,100.9189,-11.06719,-19.8309,1.350373,0
PTGES3,4.835271,6.601153,1.283804,17.12561,13.05681,-8.717354,-6.540467,-1.790977,22.65376,-2.073962,35.45491,11.45749,0.2631665,-5.488572,-4.866607,3.167917,-1.761051,5.807567,0
RCN2,1.007672,71.1698,25.27289,45.19919,5.086817,-17.83467,-14.32975,-4.536886,53.29827,-6.380491,1.262821,8.994958,3.21801,-10.4008,-3.251889,-6.906583,-13.38027,30.02343,0
BTF3,-0.5411876,21.8608,7.290433,8.833545,15.71343,-11.87055,-9.824596,9.358724,19.91824,-0.553069,6.550232,2.795021,-0.2425938,-7.777814,-2.60184,3.589633,-7.590355,49.0506,0
HMGA1,18.64023,3.666889,11.17691,2.195646,0.08488271,-7.007158,-5.209248,-1.201273,1.664504,0.8213639,3.667698,6.852645,2.571013,-3.909299,-3.610709,-2.235221,-4.263103,14.00537,0
PPIB,5.825753,21.47318,13.83209,13.22583,5.278251,-12.37702,-11.13685,14.13335,42.19648,0.2383183,1.278466,-2.582032,2.216431,-6.437933,-4.22956,-3.941744,-8.77202,18.26025,0
PCBP2,2.802417,49.52394,36.02685,5.728845,73.38507,-22.24914,-12.46808,-2.821325,-2.457053,-2.409273,-0.5626999,-5.161009,6.676431,-12.20814,-7.469895,6.323759,-1.73069,22.01602,0
C1QBP,-4.373973,0.8166431,1.279727,6.437904,54.27547,4.285652,3.137142,-5.181079,9.242705,-4.266978,14.52934,25.02064,-3.607476,-10.01339,-9.494723,-7.387165,-6.344787,-3.196371,0
HSPD1,-2.503066,-4.770241,0.5881223,15.54186,38.19193,14.30874,-24.35076,4.167112,41.9934,-10.61366,10.13855,7.453984,-0.8931144,-18.12252,-20.80263,-10.92307,40.145,11.56317,0
NCL,7.224252,15.63648,37.7131,122.1383,57.45282,-28.2831,-22.62707,5.19146,99.12891,-12.85897,68.72815,47.1987,3.246719,-21.23441,-17.65385,5.706698,-15.7007,40.09599,0
NPM1,-1.087369,2.606116,7.87649,23.41647,47.95069,-9.272044,-10.07455,-2.393807,18.70607,-3.537873,72.80558,25.579,-1.793879,-9.429454,-8.693678,6.154099,-10.79792,15.51893,0
SNRNP70,4.047656,3.881399,8.201245,17.4077,49.86637,-20.40344,-17.39262,5.377297,20.76623,-2.391975,71.55485,44.88146,-1.146996,-5.848971,-13.71438,16.71759,-15.33645,-0.7230146,0
TUBA1B,-5.892603,-1.88964,4.726642,-0.2300212,28.96489,-26.48552,-19.95856,1.623411,10.44706,4.537671,52.11313,3.29554,-1.763368,-12.71078,118.0926,-0.2339175,-16.67977,-1.930112,0
HSP90AA1,11.2175,35.72312,20.75999,68.04521,54.27816,-38.62843,-31.41933,-2.258332,17.90639,-1.751756,157.2114,26.24014,-1.74011,-24.60414,-22.4671,41.21562,-25.53591,45.24878,0
PUF60,42.68756,-5.557035,6.257819,106.4395,-1.191056,-18.32927,-5.63682,1.010561,37.1187,-4.541761,13.538,11.22517,15.62115,-1.374379,-7.596749,-7.226818,-10.59555,-0.02514735,0
YWHAE,1.464432,4.089142,20.44846,10.53646,34.3373,-9.072925,-7.173458,-1.301246,18.78194,-2.292308,7.929655,2.722736,4.015227,-5.40114,-2.707402,-3.42332,-6.079507,3.765372,0
PQBP1,25.69761,14.85967,6.484966,8.732093,22.87178,-10.46093,-7.131415,-2.614808,30.13352,-1.805997,11.87009,3.471786,-0.3802118,-5.692828,-5.879533,-2.522884,-6.040346,3.671739,0
TUFM,-3.612431,-5.752955,5.317776,4.777506,-1.962991,-10.6873,-15.41999,41.52993,7.147264,-5.784732,3.944318,1.661606,12.36961,66.81714,-5.028521,-8.145269,-8.410966,-3.673782,0
MRTO4,-2.094088,-0.3269647,4.66535,16.46753,1.620381,-8.470373,-5.90167,-0.3939887,10.31436,12.07122,5.007834,15.23586,4.034307,-3.981348,-4.338865,3.018081,-4.355029,21.02984,0
CBX3,0.338344,0.5355607,0.8114819,1.280882,2.017912,18.39236,13.82908,-2.082161,1.997424,-1.907079,1.463348,4.376552,-0.4648192,-3.713811,-3.688076,-2.553434,-2.435095,2.736704,0
PCBP2,24.35344,8.009063,16.34051,2.120473,0.7217529,-10.50448,-10.00783,11.12058,6.478026,-1.494986,5.948283,9.594234,-1.592188,6.032944,-5.621033,21.76414,-8.242485,-2.772278,0
GNL1,-3.315844,22.13106,5.412999,14.13097,38.16719,-17.92102,-15.96461,1.490008,22.21549,1.705048,29.05038,49.62409,-1.747605,-11.208,-6.630784,14.79795,-13.54183,17.2895,0
P4HB,27.30939,21.29321,14.84147,16.61867,3.013149,-16.29217,-12.88726,7.975251,16.66176,-4.175343,0.677685,-1.125953,16.8564,-4.748681,-2.999636,-4.60652,-7.662509,35.73316,0
HSP90AB1,14.45578,19.70814,4.593559,17.18044,45.10211,-18.99843,-17.34524,-4.182765,20.97887,-1.196609,30.56062,24.08342,0.2538125,-10.02891,-10.46402,20.13571,-16.19427,55.7361,0
ATP5B,-3.996663,-5.631036,4.942727,2.456532,7.198086,-17.77028,-11.61849,-4.707819,2.054091,-5.160444,6.750669,3.806057,41.38351,39.72871,9.29371,-4.729456,14.88144,-1.205934,0
CLTC,50.5774,68.65144,43.95524,73.06354,77.81807,-53.99419,-35.13123,-4.651809,80.02495,-16.2193,9.461167,108.8015,-4.02723,-30.2367,-14.22384,-7.521779,-30.4954,58.18787,0
MATR3,3.573186,-1.663867,25.29756,10.84245,10.24265,-21.02155,-15.78365,10.80725,10.14769,-3.707272,26.77349,10.83779,5.376249,-9.339732,-9.338932,6.803547,-12.60834,46.49594,0
DDX3X,22.61354,-3.29484,10.17637,26.75275,14.37192,-11.27828,-12.04806,-2.254581,1.237734,9.863351,25.6199,18.41579,-2.323226,-7.220466,-8.833056,11.83764,-8.636104,35.97009,0
PPM1G,-1.041068,-0.1479241,2.529597,2.15922,39.61494,-8.576659,-8.532826,-2.719434,4.663112,6.946187,29.2943,17.49851,1.833834,-1.765686,-6.151089,19.87884,-5.482887,4.516948,0
LDHB,0.8518585,-0.005147044,8.544775,2.273188,14.35868,-3.741353,-4.031865,0.933128,18.30179,-1.775485,5.827031,9.681062,2.470732,-3.157352,-0.7936993,2.328713,-1.968197,2.219777,0
EIF5B,-0.8408102,13.46945,14.15922,56.04703,50.14149,-22.18224,-17.70423,-0.833681,18.30364,11.76955,11.76626,13.93621,4.810034,-6.725938,-12.71858,3.386744,-14.77921,18.39524,0
CACTIN,0.7935393,21.5403,6.977764,16.59146,26.01916,-11.42247,-10.57367,-2.682012,19.80576,-1.090726,54.27631,6.355787,-0.9962604,-7.646684,-6.564853,0.1001799,-8.667051,0.4841711,0
BRD2,-1.11702,39.39841,0.3630633,3.857964,15.8805,-13.79049,-6.889416,8.310547,19.78879,-0.5272178,1.403233,11.63782,10.00548,-1.916562,-5.614844,0.5941075,-8.972347,7.099264,0
DDX46,21.03841,48.13764,-1.225905,15.38594,0.8505081,-15.98533,-12.29578,-1.933672,38.88829,-4.565641,-0.09041434,5.226134,6.720527,27.56379,-2.817204,-6.511608,-6.516962,-2.637287,0
NACA,4.482372,8.458126,17.9213,40.4069,99.82572,-24.47307,-23.71849,-9.124991,76.37905,3.218659,44.67198,11.57071,-2.440034,-15.16601,-10.26967,-3.337625,-20.52255,71.44393,0
CPSF2,8.806471,16.1696,9.739454,29.48088,-0.1754501,-11.26798,-6.231836,5.439437,38.16948,-2.907081,-0.3245891,5.499883,2.020349,-5.886493,-0.1058129,-2.090079,-6.231298,7.303183,0
MCM3,-1.19732,-1.711475,23.36196,56.91434,7.069569,-8.677622,-6.36978,-3.368679,17.98206,-2.263253,9.106138,6.237901,7.217112,-2.364743,-6.711652,-0.2427474,-6.014976,30.13834,0
KLHDC4,1.128789,0.0410082,7.38585,2.848837,10.74526,-5.851122,-5.279715,-1.083307,0.6100447,5.580209,13.45653,4.153733,-1.456442,-3.551588,-3.814178,10.77777,-4.206379,20.91821,0
EEF2,0.1658037,5.119962,16.54989,4.990289,19.93875,-12.2224,-8.075727,3.031141,23.98697,-3.225271,23.94797,7.643004,3.180419,-6.412221,-2.720123,-1.217117,-7.497163,5.697808,0
EIF4B,4.844514,10.33552,11.11959,3.459249,3.961413,-4.734855,-4.217035,0.7624223,5.111477,1.352681,-0.7593315,0.6603124,1.704061,-3.643236,-4.133869,0.4879137,-4.000222,29.44583,0
TSR1,3.287017,2.675353,18.10703,39.31972,4.051443,-8.064521,-7.128498,-0.1839617,10.50526,0.3914168,4.882107,2.375836,0.9984444,-5.126451,-5.10833,-2.057494,-5.931993,25.95971,0
TOP1,0.2785177,0.47382,14.82733,10.83155,3.448323,-5.322926,-4.633775,2.478492,4.035989,-1.866577,2.719313,17.76545,3.108118,-2.778188,-3.394456,-2.43117,-1.825212,1.366285,0
LRRC47,2.172695,3.918349,2.055722,8.067407,4.758025,-2.836312,-2.987226,-1.228513,6.322159,-0.7415194,-0.3606279,0.9497839,1.928775,2.209608,-0.9461276,-1.206587,-2.650429,14.93444,0
DYNC1H1,1.391856,3.30329,19.46946,18.29578,37.08213,-13.39457,-16.92378,-6.777792,4.032219,-6.534967,-2.217284,61.34929,4.630636,-7.338154,-3.479506,-7.487454,-12.33728,14.89378,0
EIF3A,-0.9606503,1.298942,6.075187,2.484319,6.802442,-4.75336,-3.718656,-1.413667,2.437569,1.018881,8.754244,22.32233,0.7181831,-2.962472,1.760158,-1.05027,-3.150826,4.125535,0
SNRPD3,8.703256,2.132882,6.382907,1.628476,17.88515,-7.956893,-4.209606,-0.4870756,15.11118,0.8114253,84.24552,37.14746,-2.490419,-5.612295,-2.525176,-0.7561998,-5.521485,-1.912286,0
RPLP1,-0.2276954,0.1681374,1.009709,-0.3695847,6.573007,-4.762847,-4.077034,-1.556728,14.32506,0.1635189,30.88348,5.392603,0.7192056,-2.74964,1.431058,5.81958,-2.882724,-0.4852378,0
MFAP1,4.604842,-0.04097727,5.320946,31.54071,64.11119,-9.373658,-9.082634,-5.040987,8.178656,1.23132,62.78137,39.02332,0.02245863,-6.959394,-7.622389,5.77999,-9.937763,-3.346253,0
RUVBL2,-2.294341,-2.957737,10.0099,3.479637,3.707381,-5.795302,-6.316608,-2.146449,1.621732,18.20729,-0.3125426,3.980785,14.13892,6.74716,4.852771,-3.918389,-5.874301,2.532146,0
RUVBL1,-2.188295,-2.92228,3.787963,4.442826,-1.161004,-2.410274,-5.951396,-2.790627,0.8127616,30.39433,2.289408,5.537127,7.053126,14.51509,5.427007,-3.714469,-5.756341,-1.6649,0
DDX41,47.80032,0.4187988,-0.508061,11.71074,-0.7338709,-8.198926,-5.94672,-1.587507,27.16963,-2.082668,-1.147122,15.16261,-0.5848099,5.036159,-4.715587,-3.152301,-5.556893,5.839186,0
GPI,3.020824,5.465316,5.717006,9.841658,34.75447,-7.65061,-4.984073,1.233813,19.93217,-2.52934,13.89781,1.553471,4.660657,-4.697936,-3.132788,9.546242,-1.02594,0.3394098,0
AATF,0.898332,8.616769,6.55689,21.32447,8.824016,-4.832595,-3.456729,-1.023185,11.12812,-1.688649,4.520194,1.523925,-0.4882927,-3.22165,-3.041483,-1.662239,-3.805937,11.36737,0
DKC1,-0.9908481,2.474456,4.47904,1.083697,8.81755,-4.369337,1.311608,3.937351,-0.564622,1.222414,2.37702,0.1087144,-0.6408279,-2.415366,-2.350646,2.240362,0.06032064,-0.4131719,0
CDC37,-0.3233644,2.689313,1.309051,2.595857,6.996596,-2.661182,-1.786909,-0.8085704,7.372252,-0.7712129,2.40632,3.188355,1.007237,-1.38932,-0.3338374,-0.9110223,-1.594453,5.610561,0
GRWD1,1.090149,-0.6549859,0.6841624,20.43097,2.201245,-3.23811,-2.415898,-0.8291201,3.53921,0,-0.1926471,8.86422,2.188128,-1.744372,-1.608299,-0.7520451,-1.708641,4.38168,0
SPTBN1,15.6938,36.70048,20.9199,1.843701,39.32851,-16.54323,-8.481877,2.796202,30.73941,-3.361394,-2.40395,41.50108,3.315504,-8.662679,15.33501,-0.1715227,-2.504433,12.37026,0
SPTAN1,16.57999,3.091495,7.051858,4.72508,19.8658,-13.62205,-6.998581,1.042571,38.46346,-3.985913,0.4124159,57.18763,3.431677,-6.127993,6.508764,-2.158313,-4.015775,4.462856,0
SPTAN1,17.5176,51.98261,7.634393,5.316862,20.62771,-13.22259,-6.86543,1.649148,39.84823,-3.874954,0.6787179,-3.993883,3.947637,-5.462238,7.766302,-1.536941,-3.954747,5.002857,0
HNRNPA2B1,31.04481,0.5477929,3.550519,16.23014,2.30208,-5.320502,-7.433252,-0.8147634,12.86733,-2.859844,4.596488,1.973374,1.017361,-5.262603,-4.884493,7.224464,-1.066981,51.44402,0
PKM,1.520011,8.755558,6.760684,19.94141,40.89083,-7.484481,-5.154528,-0.681071,13.91767,-1.641834,16.83885,18.29994,1.086883,-5.249072,-4.902459,-2.32277,-2.785646,9.676648,0
CPSF3,12.84241,2.723473,15.55188,22.60547,-1.51183,-9.485486,-8.572896,2.56857,22.77918,-3.36485,-0.8512736,5.206785,7.538416,-0.5086959,-3.660197,-4.596492,-6.602061,30.76649,0
PCBP2,9.904589,-0.9069659,-0.9667659,11.9221,5.966949,-4.950211,-1.772241,-0.4459003,9.636781,-0.8851255,15.79631,-0.3024637,-0.02201999,-2.744575,-2.746863,1.530047,-1.68599,0.04098896,0
HNRNPA1,16.95362,2.96916,6.180298,14.91061,2.959165,-1.816866,-3.406711,2.206757,3.29963,-1.372631,1.707268,1.083391,-0.8384913,-2.386067,-2.506635,-0.2766252,-1.749899,8.421777,0
PDIA6,5.924463,5.555778,2.060429,8.07682,4.763516,-3.863818,-3.50044,0.7831513,13.52248,-1.344609,1.130274,3.230529,1.236912,-2.357925,-0.9390674,-0.4047414,-2.501257,0.7937669,0
HNRNPU,5.630771,-1.272189,2.682771,8.920475,8.775813,-4.471099,-4.510448,-0.196129,3.447637,0.2844314,5.752478,17.14649,-1.26795,-2.608879,-2.935099,1.409835,-1.521077,17.9785,0
DHX9,-1.677947,-2.592963,3.474338,-1.868837,2.064368,5.37341,-6.05221,-1.915997,-1.839925,1.643883,-1.040899,-0.432601,4.842998,11.20793,-3.386634,-1.008982,12.64068,1.07876,0
MTHFD1,-1.028052,-1.181915,3.15318,7.215903,9.230228,-2.493629,-3.752763,-0.9208958,1.73362,-1.518152,-0.2562756,1.650378,7.348282,7.351278,-2.678364,-2.010562,-2.95659,0.07546476,0
SUPT5H,0.2111324,1.247937,13.38517,13.58693,7.075121,-1.421564,-3.147709,-1.100687,3.615772,-1.43749,2.381227,3.621001,-1.018993,-2.305044,-2.490864,-1.335048,-3.201716,30.16632,0
TRIM28,-0.8143309,-0.1373793,-0.4525175,0,15.63325,-3.78301,-2.347798,-1.030872,-0.1959467,0.4352995,7.602788,12.75119,-0.7605081,-2.195014,2.800305,-0.6007781,9.365808,-0.4849555,0
EIF3B,-0.07966267,1.675488,-0.3187494,6.518331,0.8533562,-3.066712,-0.8496243,2.450168,0.6755675,-0.5695395,1.268269,24.38294,1.799254,-1.796103,0.9549305,-1.448361,-2.163405,0.7152241,0
HSP90B1,0.6126641,4.254613,3.84112,-0.3590515,6.388464,-0.6904527,-1.563513,-0.2418793,5.117508,-0.4733519,0.5768246,2.519608,1.228727,-1.158671,0.6362938,-0.829859,-0.9885047,0.4831935,0
FASN,-1.138938,2.347004,0.9711988,-1.342146,2.922132,-3.985667,-3.885306,1.681238,7.205828,-0.3568651,-0.642632,3.771127,1.396141,4.785294,2.755173,-2.412671,-0.1844959,6.730331,0
PUF60,35.90504,7.952107,67.59047,-3.462184,7.316257,-19.40564,-15.26882,-6.40597,31.44004,2.982929,11.62375,37.86008,-4.378986,4.048945,-8.025712,-6.411243,-11.46295,53.17211,0
HIST1H2BK,-1.062526,-1.644602,-0.9693515,-1.202635,0.9562567,10.97732,13.79297,2.26795,-1.007367,-1.607104,4.824692,1.879841,-1.087261,-2.560197,1.632637,0.1474384,-2.791654,-1.065536,0
HIST2H2BF,-1.06126,-1.640551,-0.9667855,-1.199709,0.9617712,11.32008,13.04789,2.280925,-1.003518,-1.603727,4.835046,1.891882,-1.085573,-2.550912,1.750067,0.1594803,-2.788362,-1.063848,0
HIST1H2BJ,-1.030654,-1.542612,-0.9047578,-1.148855,1.095076,10.12359,11.82619,1.838835,-0.9104762,-1.522112,5.085333,2.182977,-1.044765,-2.40547,1.453969,0.332087,-2.708787,-0.9899855,0
HIST1H2BO,-1.029321,-1.538349,-0.9020575,-1.146012,1.10088,10.46407,11.09903,1.851306,-0.9064257,-1.518559,5.096229,2.19565,-1.042989,-2.396054,1.570478,0.3445227,-2.705323,-0.9884459,0
RPL23,-0.8124777,-0.9141503,2.731429,0.58957,-0.3519415,0.02762726,0.360321,3.001771,-0.830786,-0.7689752,3.336875,3.210778,3.059616,6.365289,-1.361462,-1.276256,-2.102595,-0.632235,0
HIST1H2BL,-0.9972282,-1.435651,-0.8370154,-1.051725,1.240663,10.9424,7.23877,1.040598,-0.8088625,-1.44772,5.35868,2.500891,-1.000198,-2.081349,1.40276,0.7684893,-2.621881,-0.9784729,0
HMGA1,3.778975,1.858402,1.444817,-0.3156401,0.2345074,-2.164955,-0.744055,1.830746,0.2922156,-0.4036369,-0.3004632,0.7054187,0.2516269,-0.2607381,-1.164763,-0.3596585,-1.142642,4.413641,0
RPL22,11.6638,5.296341,2.809105,2.88316,-0.3538105,-2.406286,-2.030812,-0.7040967,0.4169033,0.1389767,-0.000104019,0.5385556,1.990715,-0.6987779,-1.467621,-0.5203454,-1.516098,-0.1617178,0
MDH2,1.917573,0.4854146,4.65454,6.799589,7.976212,-3.175729,-1.382958,-0.2440717,17.03883,-1.152359,4.087902,7.490845,-0.2122165,-2.129463,-2.074646,0.8745996,0,3.580545,0
EIF4A1,3.155231,3.153983,7.889856,12.55748,4.4429,-2.406986,-1.524013,-0.5969223,4.361565,-0.9304769,4.815043,7.424708,0.8500119,-2.569557,-1.780363,-1.623529,-2.938552,24.23025,0
BASP1,3.581179,2.58224,1.821898,0.9865949,0.8506397,0,-1.465366,0.8042072,4.858863,0,1.373064,-0.4657539,1.142447,-0.1896007,0.06099258,1.489289,0,0.6916203,0
HNRNPH3,-0.2924297,-0.6379645,1.411447,8.742377,8.144665,0,-1.292866,-0.999787,1.289653,2.653822,16.13439,17.42805,-0.6190729,-1.135422,-1.698977,-0.7293499,0,3.173166,0
SUCLG1,-0.827968,-0.04429998,1.497046,1.352414,-0.2481012,-3.523606,-2.685669,2.050573,0.2531791,1.253104,-0.4613327,-0.7420113,8.579114,11.99194,0.3282174,0.1228375,-2.171891,-0.5420937,0
SUPT16H,-1.126511,-2.027678,0,-1.464871,3.701162,-7.306669,-5.497493,-1.832944,-0.280561,9.297944,-1.017293,47.2876,0.786041,-1.082678,-2.158896,-2.552887,31.78628,-1.525557,0
NOP58,-0.5451213,-0.6045108,20.15283,3.041418,5.42539,-3.149663,-2.539559,-1.039436,-0.7362002,-1.039241,1.944588,-0.8659166,1.236201,6.162965,0.1657246,-0.9092759,-2.113976,0.06534418,0
PABPC1,-1.012432,1.884363,-0.5382604,7.485322,27.14664,-3.675349,-3.244482,-1.229611,6.16579,-0.6801857,24.95581,-1.033252,-0.4261961,-2.363671,-2.231492,1.017237,-1.535816,2.916312,0
PAXBP1,-0.9745237,6.274434,3.606613,4.229954,-0.6280565,-1.391183,-3.587021,-1.089935,49.00522,-1.361537,0,1.713627,-0.7861439,10.24693,-1.778805,-1.888796,-2.526649,1.614094,0
ABCF1,1.249746,5.965251,5.675572,5.159856,10.4092,-2.898863,-3.392545,-1.22093,3.845327,-1.478476,0.5530441,7.882433,2.064879,-1.814455,-2.575065,-1.588351,-0.8781417,28.97636,0
DDX42,5.224658,0.4499099,2.542134,7.097994,0.5598037,-3.013686,-1.306912,-0.8617552,8.743633,0,-0.4369468,9.410571,1.0022,-1.634014,-1.339325,-0.2615147,-0.778629,17.71423,0
XRCC5,0,-0.1302009,-0.2444655,-0.5657216,11.39274,-2.360419,-1.165925,4.317664,-0.1097234,-0.717887,5.019771,5.811617,-0.4378714,-1.375838,-1.378489,2.018828,-1.429465,7.90772,0
AP3D1,-0.9052341,1.410445,-0.5671493,2.043118,17.8101,-3.755405,-2.913626,-0.7589717,6.862852,2.295767,5.496367,5.631438,0.2967555,0.4773112,-1.470608,-0.4897498,-1.624746,1.441514,0
CPSF1,0.822659,-0.7007595,1.393587,8.930748,-0.3686575,-2.226197,-1.912438,-0.8602957,3.428231,0,0.3240493,7.857487,-0.3205475,3.553938,0.8674921,-1.006698,-1.386241,0.9188348,0
MAP1B,3.383131,-0.6771701,14.89863,5.703602,5.142378,-4.965894,-3.616512,-0.1904134,3.151226,-1.40588,0,5.45942,-1.03755,-1.320284,15.23111,-1.614911,-1.816442,0.2144962,0
H2AFZ,-3.635493,-2.782598,-3.314537,-3.871174,-2.332261,103.3176,149.8359,-1.973143,-3.317031,-5.320569,-1.931726,-5.237128,-3.698831,-9.741754,-9.194364,-5.749253,-9.536749,-1.456591,0
PDCD6,12.16515,4.307568,8.700014,5.312752,-0.1990053,-5.895114,-3.970345,3.705331,28.80861,-1.976672,8.876568,15.048,0.4467166,2.922518,-3.336036,-2.153159,0,-1.37118,0
PFN1,1.447538,2.294625,9.806463,1.441941,7.812758,-0.7980727,0,-0.3306061,6.262674,0,6.831001,18.10924,-0.6339526,-1.976222,-2.057537,2.422272,-0.8238629,2.337057,0
FBL,-1.432387,-2.105543,6.783508,-1.739687,0.5389096,7.669709,10.77105,-1.655688,-1.658226,-1.288896,0.4146271,-2.34006,9.717115,3.834387,-4.074718,-1.684425,4.665896,-1.601025,0
RPLP0,-1.108749,-1.476061,-0.7046597,1.771069,17.82079,-5.126924,-3.144577,-1.463718,9.170416,4.609062,27.87386,27.16792,-0.612166,-2.813341,-2.822249,2.8894,-2.637894,-0.7185154,0
YWHAB,4.050609,0.5351744,3.819547,-0.267311,5.098192,-2.361866,-1.697448,0.4698124,5.803616,-0.7880644,2.002697,-0.6401118,2.452838,-0.4542847,-1.243656,-0.986897,-1.56164,1.048676,0
NOP56,-0.5704875,-0.007837294,12.51865,1.126789,2.348471,-0.7590928,-2.612066,-0.7557788,-0.837665,-1.140706,0.6801474,0.2404414,7.570345,5.55952,-2.093163,-0.9739806,0.5379018,-0.6201841,0
SSRP1,-0.6379777,-1.208423,-0.8151963,-1.041786,2.616289,-4.303741,-3.537982,-1.379903,0.8640253,10.85951,3.654311,61.98883,0.1219241,-2.753945,-2.621835,-1.783864,4.150543,0,0
SKIV2L2,17.76236,0.8555928,8.637555,30.57131,-0.7236357,-6.312905,-4.759394,0.2904555,10.29102,-1.655326,-0.6554353,6.014823,-0.1745349,-2.374047,-3.293944,-1.562239,-0.9424954,23.93646,0
EIF5,1.044808,0.1223301,3.446479,4.27777,2.521385,-2.207246,-1.611618,-0.6834032,0.5385708,-0.5634113,9.973266,2.070723,0.2498093,-1.218006,0,-0.06274405,-1.00923,3.983567,0
QARS,9.111946,3.399117,4.897102,3.691362,-0.3132013,-2.913395,-2.188296,0.1694857,2.845394,-0.3922135,0,-0.615938,0.6173375,-1.590047,-0.7099874,0.4673622,-0.7509774,10.04796,0
MSH6,0,-1.876138,0.1974135,-0.8050588,3.612132,-0.8792748,-4.247308,0.29133,-1.260911,-1.800847,-0.6880259,-1.778642,6.270176,48.71564,7.195195,-2.381523,-3.733603,-0.7703934,0
LENG8,-0.5032187,0.6131708,-0.4839974,-0.5240372,10.26374,-1.948398,0,-0.7878349,0.7551042,6.260942,2.068876,22.79456,0.2870746,-1.322098,-0.193043,-0.8666835,-1.497825,-0.4893718,0
ATPIF1,0,1.251413,4.960159,-0.5892931,-0.3423131,-2.263662,-0.9653537,2.420128,2.281432,-0.7532442,9.111278,2.567663,-0.5468477,-1.026159,-1.410134,1.865614,0.6391626,2.764982,0
SF3B4,8.863026,10.22261,28.74856,34.47449,-0.8357887,-7.361641,-5.132978,15.15691,10.2536,-1.495121,0,-1.568725,1.211254,-3.350528,-3.718354,-2.831598,-2.139944,8.441351,0
PSMC4,-1.195874,-1.589683,4.586938,-0.1545327,-0.6702939,1.245418,-3.787345,-1.258885,0.1321561,-1.424893,-0.4661046,-1.50867,6.588833,20.78582,5.476221,-0.9353573,-0.1120973,-0.8921688,0
DDX46,-0.5054774,8.96281,1.469327,18.99467,0,-6.663826,-1.129135,-2.237446,16.92261,-3.346369,-1.218174,27.2219,-2.223265,132.6339,-5.712882,-2.939083,-5.409992,3.52836,0
LUC7L,1.641929,5.80291,3.795953,5.635331,-0.2099415,-2.542206,-1.274013,-0.7416014,6.673848,-0.6459868,0.3146217,3.000222,2.162646,-1.460797,4.723348,-1.081365,0,0.7255987,0
DNAJA1,-0.7741457,-1.016644,-0.504537,0,1.881471,14.24824,-0.2900722,-1.128213,-0.6449541,-0.9822817,-0.4703915,-0.9978628,1.768425,4.050654,2.116206,-1.379228,-0.8942205,-0.7214286,0
POLDIP2,6.836126,0.3811733,3.937588,7.979865,1.224306,-1.087032,-1.623541,0.1279395,3.147234,-0.4179696,0,1.036095,3.023123,-1.202432,-1.222852,0,-1.166828,2.022496,0
EIF3I,-0.09885224,0.7007642,2.56685,1.970895,1.603295,-2.498691,-0.755882,1.531792,3.502175,-0.5716465,-0.2228331,9.422444,1.78167,-1.20752,-1.348756,-0.8135966,-0.8649002,3.525984,0
OAT,-0.5367951,0.1569463,0.9594399,-0.7311665,2.75278,2.110126,-0.8099615,-0.1416672,0.1882364,0,-0.4389721,-0.9458516,5.783293,6.074569,-1.676717,-1.129312,-1.221358,4.261949,0
GALK1,-0.4858404,-0.5708803,2.145503,8.766823,-0.03194911,-1.284465,-1.943174,-0.08770203,0.2786436,0.7252381,0,1.654701,5.006378,3.015556,2.440223,-1.029932,-1.769643,-0.2538909,0
CALR,1.339302,-0.186139,0.7129797,1.679943,10.95875,0,-1.119792,1.334921,3.847202,-0.5747442,0.5995922,6.334462,0.1988111,-1.076801,0.2566692,0.5712761,-0.685069,0.8925857,0
NOL10,-0.1131276,2.08298,9.875432,5.083311,3.592787,-1.462133,0,1.999547,1.086182,-0.0655734,-0.2291777,2.134787,0.6398185,-1.351429,-1.272897,-0.07379,-1.073721,5.568627,0
HIST2H3D,-2.705381,-0.9484336,-0.3029302,0,-1.542162,41.5761,26.25095,4.622308,-2.550456,-3.857626,0,-1.662653,-1.726549,-7.182718,66.38577,-3.296108,-6.821296,-2.590332,0
CBX1,0.3934225,3.074023,-0.5352483,-0.5582531,0,21.44897,2.247987,0,-0.04025807,0,0,-0.7828496,-0.7245073,-1.793984,-1.824511,-0.9796741,0,17.28812,0
SERPINH1,-0.8691675,0,1.371877,-0.5240872,-0.5012185,-1.940155,-0.5706859,-0.7390651,-0.8935176,-0.3940446,-0.4423281,-0.3674481,10.17183,3.252032,-1.59157,-1.633127,4.83531,6.972837,0
TMA16,1.043844,2.346561,1.079333,8.173176,-0.2299902,-1.276338,-1.337092,-0.4442938,0.8541935,0,0,3.270201,1.259135,-0.2647801,1.465427,-0.6988422,0,3.888211,0
TUBB4A,0,-0.734321,0.5413552,-0.9926666,0.5943128,-4.541668,1.477791,-0.8165566,-0.8958477,-1.364601,1.185741,10.87216,1.680222,11.57408,-1.969566,3.866558,-1.683391,-0.3123715,0
DLST,0.4463061,0.2262991,3.984468,6.502263,17.34705,-3.13795,-2.458587,-0.833352,13.65702,0,0,6.803699,0.4068169,-1.774921,-1.053058,-1.265385,0,3.128967,0
TIMM50,-0.466922,-0.7876197,3.575422,5.21238,0,0.09564984,-2.115644,-0.6561207,4.148821,-0.8314644,0,-0.2794377,1.068138,4.650264,3.503616,-1.019842,-1.683686,3.693315,0
PFKP,0,-1.646977,1.943318,0,-0.6957581,7.926885,4.862163,-0.7033562,0,-1.587106,0,-1.454224,4.949158,9.585507,-0.2289978,-2.039538,6.888117,-0.9931922,0
TUBB2B,-0.2703721,-0.9468581,8.374286,-0.6193601,-0.2641018,-2.535736,-0.8102074,-1.032627,-0.4622012,-1.004609,-0.3347893,1.42504,7.762164,33.55616,-1.829075,-0.7952626,-2.027126,-0.4059643,0
PSMC3,-0.5261111,-0.6090854,3.84006,8.546421,1.493806,-2.586048,0,-0.7991796,0.4500533,-0.7844177,-0.2593294,10.53716,5.954862,4.783608,-1.439996,-1.021395,-1.549333,0,0
TUBB2A,-0.2626018,-0.8885811,3.352977,-0.500216,-0.2537414,-1.985602,-1.010089,-0.9393838,-0.4435525,4.735041,-0.3192488,-0.6065094,5.150901,13.23777,-1.406483,-0.7641815,4.438536,-0.2755348,0
YBX1,-0.3460401,0.1758751,-0.1747618,0.4633181,8.114163,-1.618885,-1.339572,-0.5429571,-0.3969722,1.498864,8.910171,3.644346,0,-0.4809422,-0.8526525,1.191872,-0.3726673,-0.3795338,0
IRS4,0,-1.882194,1.276869,-1.409932,-0.8002991,14.64403,-3.252059,-0.1924052,-1.059339,-1.848459,0,-1.833683,8.370178,21.88255,7.267312,-1.00036,-3.622678,-0.1238732,0
EIF3L,0.2436065,-0.18451,0.5861631,3.981786,2.059906,-1.768885,-1.051038,0.3540357,1.656956,-0.5957175,0.2995212,9.452496,0.4050748,-1.094038,-0.7972519,-0.1550612,-0.9548098,2.323958,0
NOLC1,2.898403,2.323743,3.267866,-0.6390864,8.449789,-0.7338725,-2.180506,-0.8559401,1.486011,4.042567,14.83862,2.141458,-0.3549449,-1.202095,-0.8540232,-0.2859065,-1.799152,1.191683,0
IPO5,0,-0.539002,1.124218,1.706695,2.254875,-1.45112,-1.199344,-0.4186449,3.033079,0.2003315,-0.2338689,15.40693,0.231516,-0.7646417,-0.8057718,2.295662,-1.118988,-0.3701577,0
DYNLL1,-0.4740616,-1.237272,-0.7932531,-0.9389638,1.105037,16.55042,30.07269,0,0.6651876,-0.504187,0,-1.257809,-0.6201351,-2.169436,-2.349848,-1.715664,-1.995036,-0.8879086,0
DPY30,4.136156,-0.133678,1.399325,1.134978,0,-2.79396,-2.032794,4.351873,1.715013,-0.8299821,0,10.82622,-0.1077315,0.8676434,-1.368141,0,-1.558343,8.04326,0
PSMC1,0,-0.7363922,2.754661,0,0.1711036,0.2186362,-1.762966,-0.7248646,0.4266252,0,1.074407,-0.7002754,8.943851,10.42844,0.153294,0,0.835857,0,0
ECHS1,0.1194404,1.054353,4.339272,0.5824558,0.6993072,-1.101939,-0.869787,1.079038,11.81514,-0.35405,-0.1455299,0.2279169,-0.2330306,-0.489108,-0.7564913,-0.1606593,0,0.7211175,0
PFKL,-0.7855408,-1.13682,-0.3661473,0,-0.2980677,5.304775,2.587835,-1.151003,-0.6944939,-1.113737,-0.3353524,0,6.128824,9.071936,-0.5860444,-1.302592,4.259965,0,0
PRMT5,0.6334732,-0.08005417,1.586944,1.396291,-0.3256665,9.320856,0.5452239,-0.93597,-0.6694419,-0.6688547,0,5.356039,-0.5552559,-0.7250433,-1.55007,0.7831037,-1.636313,5.401261,0
GOT2,0.388207,-0.3642533,2.017881,2.927922,7.210763,0,0,1.543853,1.677119,0,0.1496926,5.709488,0.1950676,-0.7884282,-0.777837,-0.440195,-0.7207866,0.6784263,0
GDI2,1.046825,1.530252,4.589898,1.106264,7.655203,-0.8456661,-0.4268804,-0.5138051,5.791545,0,1.167469,2.963952,-0.3325579,-0.8569296,-0.8460355,0.3498747,-0.6323601,4.631968,0
XRCC6,-0.1044996,-0.5081945,1.196103,-0.07478026,3.086218,-1.731407,-0.981757,1.608696,0.6775913,-0.34955,0.4380824,8.70645,0,-0.5854429,0.436201,-0.2021516,-1.024195,6.48073,0
BOP1,-0.5080542,-0.3043607,5.747397,8.167702,1.900105,-1.073773,0,1.507747,0.8563528,-0.3737728,0,8.148977,1.340133,-0.6441203,-0.9570529,-0.7505283,-1.296373,2.7281,0
NASP,0.7268185,0.7175481,0.5866824,0.3880306,0.355142,-0.5392613,-0.5484626,4.297385,-0.1999956,0,-0.06590633,12.4637,0.1337061,-0.4697402,-0.4904011,-0.3831806,-0.6541237,-0.2021951,0
RP9,0.5996999,-0.5540256,0.4262825,4.123858,0,-2.314346,3.29958,-0.6386926,6.923617,-0.6293532,0,0.5339933,4.293213,12.55463,-0.8834909,0,-1.618331,-0.1639989,0
FBN2,0,-5.541035,0,0,321.8923,-18.41012,-6.043704,0,37.86947,-7.564628,-3.530353,13.90996,-4.75213,-10.75468,97.10047,202.7373,-2.256926,0,0
HNRNPAB,3.953577,1.22388,1.569991,10.21275,-0.2281759,-2.473305,-1.477661,-0.1931737,2.254323,4.86539,0.02591653,-0.1194064,-0.4090199,-1.030395,0.8169802,-0.9664984,-1.091612,9.264887,0
RPL5,0,-0.5135717,-0.3851262,-0.4838248,18.21381,-1.872489,-1.710603,0.447178,-0.3245911,0.1310304,-0.1636431,5.627786,2.025828,2.964934,-0.09107051,0.5652411,0,-0.4362207,0
MCM7,0,-0.6844352,1.815342,-1.036316,-0.2646491,9.394437,-2.775542,-0.450438,0,-1.311086,0,-1.302221,7.413933,19.01589,-2.369251,-1.332745,1.712881,4.546259,0
PSMD2,-0.6297144,-1.518764,0.2953738,-0.9866973,0,4.093081,-3.042926,-1.491344,-1.033341,0,0,-1.429871,16.90749,28.66831,-2.50064,-1.377097,14.56697,0,0
TRIP13,0,-0.6652912,-0.2799546,-0.4598051,0,-1.611734,-1.610373,-0.3991311,0,0,0,-0.5501468,5.272561,11.37646,-0.7358782,-0.7385291,11.69097,0,0
NUP93,0,-0.869722,2.959654,-0.5913126,0.1422173,-2.599605,-2.431319,-0.9950298,-0.6476744,0,0,-0.698561,17.15888,19.6597,2.807434,-0.5696718,-0.8367258,-0.6884236,0
LARS,4.214875,-0.74222,3.484555,6.460958,0.3921627,-1.44768,-2.738473,-1.121042,7.612725,0,0,7.902895,-0.7477492,-1.587633,-1.928741,-1.46044,-2.281289,10.8621,0
P4HA1,-0.2774277,3.80194,1.862998,1.361881,0,-1.045457,-0.7912154,0.8572345,2.904103,0,0,0,8.49738,0.2375065,-0.1021718,0,0,0,0
DYNC1I2,0.6945654,2.911421,-0.06613366,-0.02882467,9.19468,-1.112671,-0.8407804,-0.2306833,-0.2437877,-0.3370513,0,2.201784,1.268429,-0.5184688,-0.3046954,0.1234318,0,0.04050618,0
GPATCH8,-0.4499363,-0.6988617,-0.4391134,0.6188317,20.1578,-1.109968,-1.579318,-0.7279896,-0.2077663,7.519729,25.46656,0.8831832,-0.4230249,-1.288445,-1.111752,2.797094,0,-0.4568001,0
U2AF1,-0.5238142,8.387748,2.198223,2.00732,0,-2.517082,0,0.7398064,6.091006,-0.301672,26.17362,-0.4561511,-0.6324821,0,9.396093,-0.9083234,-1.97581,0.4288769,0
CFAP20,0.1904915,0.2585309,-0.05009964,-0.2487514,0.7854375,-1.723651,-1.425167,0,7.426528,-0.3144521,2.593288,-0.006383331,1.044644,18.05506,-1.021765,-0.6349,0,-0.1447551,0
PGRMC1,-0.3038263,0.3083231,-0.1896407,0.115214,0,-1.359685,-0.6166667,0.1334775,-0.06372672,0,0,-0.4164342,-0.0709064,-0.1446715,-0.7791219,0,27.302,-0.293134,0
DNAJA2,-0.5683125,0,4.754267,0,0,2.781566,2.813163,1.327356,-0.4876806,-1.132006,0,0,4.150639,7.259583,3.673075,0,2.377442,-0.4040239,0
PSMC2,0,-0.6406323,1.237624,-0.4523014,-0.2738173,-2.011147,-1.08086,-0.65416,-0.4644026,0,-0.2862455,1.178501,15.80001,12.02934,-1.151419,-0.823859,5.110406,0,0
PRDX4,-0.3450871,-0.3930789,-0.2772339,2.82543,0.1489263,-1.249736,-0.9659276,0.4779081,-0.2056039,0,-0.1690142,8.768623,0.8431477,-0.5947869,0.6848998,3.009064,-0.7784379,0,0
NAP1L1,-0.2549116,-0.4689699,0.4991432,-0.3736977,0.08146772,-1.376419,-0.9556072,-0.3252687,0.005790423,0,0.05661121,4.391638,-0.3327122,-0.4200609,1.941528,-0.6568548,9.472863,2.832919,0
KPNA1,-0.4872319,-0.8586382,-0.4664582,0.7335625,0.8800986,9.465032,1.559982,-0.6447714,-0.4228161,3.691658,0,7.322012,0,-1.509181,0,-0.1382565,0.15165,-0.1883141,0
NUDC,0.5612224,0.8750686,-0.1194708,0.7243144,0,-1.153991,-0.5815818,-0.3819488,3.222275,0,0,-0.01035047,-0.1798336,0.1360081,0.9545368,-0.3017826,-0.5334679,13.96739,0
PSMC6,-0.3304399,-0.4017926,0,3.578599,0,-0.1734467,-1.101332,-0.4093326,-0.08049456,0,0.1344345,2.780887,8.219044,0.9365087,1.88872,-0.5205648,-0.9088767,-0.3001206,0
KPRP,-0.2395302,-0.07132414,3.998662,-0.2849354,0,-1.217743,-0.5845187,0.3049338,2.754111,0,6.535472,-0.3735701,0.02553775,4.375956,0.9232099,0,-0.7262359,-0.2502699,0
SLU7,0,1.651013,-0.1282558,2.532324,8.697702,0,0,-0.3878055,0.0344891,-0.2948341,5.548376,4.661663,0.31591,-0.6679302,0.1053984,0.3191217,-0.5378604,0,0
HIST1H3D,-1.244972,0,-1.349749,0,-0.9942313,44.90312,13.2849,10.22559,0,-2.164156,0,-0.4934329,-1.125625,-4.545591,29.77592,-1.901418,-5.110188,-1.677772,0
HIST1H2AK,-0.4759068,-0.2005981,-0.0640431,0.4223164,4.991341,-0.7997512,-0.729923,-0.2604588,1.254768,-0.5034458,28.89916,7.742387,-0.4106753,-1.24175,1.153546,-0.3589028,-1.391638,-0.3125315,0
TUBG1,-0.7090774,-0.9735755,0.7071609,-0.5979668,-0.4145844,6.564179,-2.329703,0.6863222,-0.6333231,0,0,0,11.08506,22.50878,1.308237,0,-1.955321,-0.591292,0
SLC25A3,0,-0.5218729,-0.1874151,0,0,6.215415,1.885967,0.3697005,0,-0.6608366,0,-0.5835278,1.131277,3.149974,-0.4976589,0,7.272241,0,0
PSMC5,0,-0.512856,0.8800236,0,0,-1.480476,-1.237347,-0.4729449,0,-0.4636055,0,0.005791154,8.349648,7.850808,6.016416,-0.6534906,-0.02465227,0,0
SSB,-0.1151442,3.855279,0.0561341,-0.3115788,3.643083,-0.5840923,-0.6045013,1.6529,6.834372,-0.4031687,0,-0.338329,0.241802,-0.7533774,0,-0.5326171,0,14.43328,0
NAMPT,0,-0.4333421,0.1667081,0,0.5182038,-1.224691,-0.1588444,0,0,1.261364,3.099173,-0.4654867,5.129019,2.270683,0.5647107,0,3.271556,-0.3421866,0
TRAP1,-0.3410536,0.8596324,1.417617,0.9377082,0,0,-0.6325204,0.04892465,8.447542,0,-0.1779834,11.2201,-0.1184674,0.5024342,-0.8266324,0,-0.5844065,5.335288,0
PPP2R1A,-0.2528547,-0.3955602,-0.1386691,3.19463,2.130217,-1.260381,0,0,-0.1592384,0,-0.1228642,-0.04874708,0.005550973,0,-0.4981233,0,15.16611,2.028601,0
SEC63,0.752353,-0.6023817,3.54268,-0.2872514,-0.2785721,-1.895795,-1.511792,1.525719,2.15779,-0.5535445,-0.2910003,4.607351,0.29421,-1.064582,-1.047432,-0.8445877,-0.7666486,18.12573,0
CTTN,0,0.08901923,1.150979,-0.3118034,0.7133496,-0.584227,0,-0.3633672,3.41906,-0.3446885,0,2.987731,0.9698902,-0.705321,-0.5700633,-0.1419362,0,21.03125,0
TPR,19.2155,5.399808,14.37012,9.303371,-0.7280801,-3.823047,0,-1.714608,21.00524,-1.278025,0,11.7864,0.06428082,-3.041221,4.897214,-1.794139,0,5.691727,0
MARS,-0.4049009,0,0.9706861,-0.2035898,0,0.04271422,-1.469231,-0.6078952,-0.4366437,0,0,-0.469494,5.042523,6.031364,-0.9519931,0,9.923426,0.2507847,0
GPATCH1,-0.5882888,-0.1513883,0.8761759,6.508082,-0.2060191,-1.92861,0,-0.6183704,4.240508,-0.609031,0.05915168,7.850032,0.0445205,15.99704,0.9720776,-0.3820821,0,-0.4827757,0
MCM2,-0.274756,0.395534,-0.1605704,1.1403,2.057213,-0.5821965,0,-0.356599,-0.01721428,-0.1014152,0.6862172,1.761079,0.2512807,-0.7462683,-0.7050772,-0.1283997,-0.5540177,19.98012,0
FLNA,1.140582,5.77128,-0.7076073,0.7203054,21.56178,-2.736551,-1.438307,-1.337316,-0.9462029,-0.7870877,0,65.47334,-0.2228057,-2.379708,-1.866313,0.3211019,-1.34208,4.820725,0
RBM3,2.047016,0.02776094,1.327028,-0.1529284,0,0,-0.4855135,2.060373,1.020504,0.3650573,0,0,0.3225533,-0.396414,0,-0.2153163,0,10.65992,0
WDR61,0,0,-0.2368699,0,0.2565637,-1.234736,0,-0.06262471,0,-0.03460654,0,0.3492547,1.535984,2.142802,0,-0.03932145,17.32833,-0.2514843,0
HNRNPA3,4.549482,-0.01897315,2.444378,2.820367,0.6269557,0,0,0.4747433,0.6181723,-0.4022844,0,0.5362161,-0.30789,-0.7485179,-0.4846631,0.8557961,-0.8097349,10.85396,0
NDUFS2,0,0,-0.1047265,0,0,0.4196689,-1.246192,0.2623878,-0.3754498,0,-0.2121182,-0.4813162,1.886066,4.702913,0.5087267,-0.6756043,7.208753,0.9403615,0
CSE1L,-0.4518773,-0.7457308,-0.4429954,-0.531307,-0.164542,-2.368296,-1.787869,-0.7331656,0,0,0,-0.7085765,-0.5033582,-1.247009,0,-0.9488317,62.46136,-0.4620371,0
NSRP1,0.8243274,0.1509074,-0.1804012,12.47029,4.348127,0,-0.5289608,0,0.8119566,0,0.9789004,0.6504208,-0.07459161,-0.01379108,0,1.203697,0,0,0
MMS19,0,-0.6298508,0.2129641,0,0,1.296076,-0.2428647,-0.6397847,0,0,0,0,2.775344,12.25036,-0.09373028,0,6.599093,0,0
DSG1,0.6671364,-0.3402849,1.416603,5.147526,0,-0.5488104,0,0,4.901462,-0.2266333,13.47799,0,-0.137468,-0.2024203,0.3100008,0,0,0.4442812,0
EPRS,28.62296,0,-0.2463165,-0.2690685,0,-1.604853,0,-0.4665126,-0.3544629,-0.4571732,0,-0.454218,1.118958,-0.7100541,-0.3668443,1.629415,-0.9726562,5.152186,0
XPO1,-0.2754776,0,-0.09019604,-0.261503,0,-0.3672938,-0.8768739,-0.3624323,-0.2295665,0,0,0,0.3920296,2.401593,0.6602622,-0.4472818,12.95023,0,0
WDR33,3.536105,0.2649849,1.858924,0.7888757,0,-1.121473,-0.5694765,-0.2695189,2.898515,0,0,0.03807048,-0.2510984,3.698336,-0.3823666,-0.4392178,0,2.202236,0
H3F3A,0,0,-0.1842243,0,0,2.985956,0.3005901,2.881629,0,-0.4326064,0,-0.3632932,-0.269829,-0.5764786,9.078096,-0.2976664,-0.2351056,0.1795592,0
TACO1,1.11998,-0.205038,3.062587,10.45326,-0.1461242,-0.912439,-0.6179471,1.000903,0.3848221,-0.4210966,0,-0.3741847,-0.299569,-0.793715,0.5666397,-0.5684728,0,11.04257,0
SLC25A5,0,-0.5111588,8.859538,-0.3422799,0,-1.655597,-0.3097229,-0.1690325,-0.1810641,0,-0.2073106,-0.4304228,11.23772,7.203218,-0.6031106,-0.6659891,1.732325,-0.3302738,0
HBP1,0,-0.4538105,0.3849726,0,0,-1.711794,-0.6739245,5.964164,0,0,0,0,3.188164,6.176442,-0.9394225,8.923296,0.768029,0.8350078,0
PRMT1,0.9760329,0,2.890181,7.545546,0.2797501,-1.221162,-0.5767345,-0.3754858,1.237148,0.8516646,-0.1036022,5.581332,0,0,-0.6034888,-0.2823935,0,2.144173,0
ACTL6A,-0.2855236,1.457143,1.133904,-0.1690972,0,-0.8957482,-0.8684572,-0.3709558,-0.0344424,22.86172,0,2.953582,-0.2891372,-0.4851186,-0.7266123,-0.5406547,0,0.2558156,0
TUBB3,0,-0.4470783,0.9553399,-0.09806625,-0.1958716,-0.3996801,0.4229202,0,-0.3086351,-0.4503076,1.597872,-0.4463674,0,-0.17627,-0.8106367,-0.5725556,13.90267,-0.1789193,0
HSPA2,-0.3649327,0,0.4263637,9.386068,0,-1.528049,0,0.2747654,-0.1360276,-0.4166498,0,0.08305971,0.6907493,-0.8103063,14.05284,-0.5629099,0,2.328945,0
P3H1,2.613784,7.711554,1.992792,0.8908704,0,-0.8042876,0,0.4871532,-0.06125023,0,0,0.5363315,-0.1173751,0,2.353373,0,0,3.107451,0
COPB1,0,0,0,0,0,-1.610701,-0.9185738,1.21546,0,0,-0.2031161,0,-0.3194098,4.858199,1.456593,0,19.99686,0,0
CAND1,0,-0.5063495,-0.298016,0,0,0.2149838,-0.6465756,0.3393602,0,0,0,0,1.533304,4.058825,-0.8588789,0,22.18544,-0.3330125,0
XPOT,0,-0.3907083,-0.2622627,0,0,0.4148637,-1.056995,0,0,0,0,0,1.81933,12.4858,3.736157,0,2.475114,0,0
PPAN-P2RY11,0,4.377861,2.17311,12.56929,0,0,-0.6111669,0,0.2309097,0,1.712072,-0.1252399,0,0,0,-0.0738269,-0.4764789,2.561306,0
SON,0,0.1743588,0,1.237166,7.629982,0,-0.5876018,-0.3899755,0.5304798,0,9.579585,-0.2932637,-0.1918736,-0.5325995,10.65608,-0.474825,0,0,0
YLPM1,1.717626,0.846689,0.1374213,2.92497,0.6093469,0,-0.535448,0.0407233,0,0,1.282201,0,0.0770585,0,0,-0.1289757,0,9.038514,0
RBBP4,1.413209,0,11.30717,0,0.03506422,11.43581,2.146017,0,5.715549,0,1.633432,7.047876,0,0,0,0,-1.756028,0.5002964,0
KPNA6,0,-1.041952,0,0,0,43.46783,3.020371,-0.7479111,0,23.46198,0,0,-0.5376753,-0.8619256,-0.9397923,-1.491306,-1.792872,0,0
HSD17B12,0,0,0,0,0,1.388625,-0.5360437,0,0,0,0,0,0.7374691,0.002486864,-0.416236,0,13.20681,0,0
SEC61A1,0,0,-0.2853875,0,0,11.0556,-0.3792054,-0.4414402,0,-0.4227614,0,-0.3352618,3.122955,3.65389,-0.6436504,0,1.035037,-0.1702507,0
LSG1,-0.3344923,2.129916,3.542817,5.857355,0,-0.6012585,-0.9053447,3.939978,0.1063155,-0.1967254,0,-0.4288241,0,-0.7478999,0,-0.479292,0,21.41339,0
PSMD1,0,0,0,-0.1606102,0,-0.7860436,-0.6043328,0,0,0,0,-0.3378796,5.86587,11.50105,-0.7462313,-0.5321677,7.751304,0,0
TDP1,-0.1329516,1.227535,4.584844,11.36501,0,-0.5254748,-0.7158852,-0.1675265,0.4852344,0,0,0.191059,-0.07912884,-0.452507,-0.4214684,-0.1003731,0,2.508213,0
DSP,-0.7291594,-0.3577751,1.527464,-0.7068508,0,0,-0.809173,0,1.416217,-0.6760644,68.85155,-0.8841202,-0.5768848,1.228729,12.07511,-1.212147,0,0.6917939,0
TAF8,8.972407,10.64175,-0.2767804,2.164911,0,0,0,0,1.253842,0,0,0.1363986,-0.2673499,-0.5466175,0,0,0,20.31468,0
RSRC2,-0.3880934,1.768664,0,1.852615,0,-1.615077,0,-0.5077155,1.679498,0,0,0.3193353,0,34.47704,-0.891478,0,0,0.05067607,0
HADHB,0,0,0,-0.1991068,0,-0.9574007,0,-0.1379741,0.01124245,0,0,0,0,-0.379405,0,0,30.70758,0,0
VAT1,0,-0.1441587,0.4731973,0.2096633,0,0,-0.5724814,0.007804709,0.1424434,0,0,0,0,-0.426942,0,0.1626237,16.50148,0,0
PELO,0.5639951,0,-0.1183618,1.901838,0.8079193,-1.036772,0,0,1.95838,0,4.67057,2.593858,0.3356981,0.7334142,-0.6206598,0,0,10.8573,0
CCDC47,0,-0.3489746,0,-0.264362,0,0.6293873,-0.8336458,0,0,-0.3559519,-0.09340777,0,0.7582451,2.371573,-0.5729054,0,12.87518,0.002704974,0
DARS,9.054866,0,0,1.100689,0,-0.8408295,-0.6577521,0.6969714,-0.2086665,-0.2785159,0,-0.2755607,0.6157606,-0.1496487,-0.4797365,-0.01950197,-0.4652965,2.669956,0
HADHA,0,0,-0.06654433,0,0,-1.029582,-0.5551185,-0.2312308,-0.243952,0,0,0,0,3.468017,0,-0.431514,24.27354,0,0
SRPK1,0,-0.3403861,0.526157,-0.2570357,-0.07365322,0,-0.7806142,-0.2538319,0.3557764,2.100078,0,2.120764,-0.1438579,-0.4848715,-0.5509265,-0.4235308,-0.5656027,21.26471,0
BBX,0,0,0,0,0,-0.5925137,0,19.70639,0,0,0,0,-0.0990518,5.199184,-0.5199755,0,1.170365,0,0
IPO4,0,0,0.7443525,0,0,-0.6145412,-0.6715165,0,0,-0.2758938,0,-0.2729386,-0.03476013,5.260865,-0.4771144,0,11.04589,-0.1496384,0
SUPT6H,0,0,-0.1036485,-0.1085213,2.147837,0,0,0,-0.1616236,0,1.285911,5.703724,0,-0.1076484,0,1.817719,0,9.053357,0
S100A7,0.0268715,0,-0.2086031,0.3532301,0,0,-0.2984185,0,18.99788,0,0,-0.2120928,-0.2387845,11.78175,0,0,0,0,0
MAGOH,-0.02273304,0,0,4.421946,0,-0.6855158,-0.6056666,0,-0.08424764,0,0,0.004020753,0,0,0.9842319,0.1200641,0,17.85678,0
TMX1,0,0.5351767,-0.0843339,-0.08276843,0,0,-0.4747212,1.763908,-0.1461719,0,0,0,0,0,0,0.2929707,13.25429,0,0
PAICS,0,0,0,0.008762907,1.12879,12.63066,14.43852,-0.294025,-0.2842749,0,0,0,0,-0.5645571,-0.8696688,0,0,0,0
MTA3,0,0,0,0,0,-1.981214,37.65551,0,0,0,0,22.835,0,0,-0.2985621,0,0,0,0
ATP5C1,0,-0.2623988,0.07866694,0,0,1.648311,0,-0.0376158,0,0,0,0,9.250867,6.902852,-0.4213783,0,-0.434399,0,0
JUP,-0.2842737,0.07791549,2.618778,0,0,-1.098843,0,0,-0.1969412,0,25.77966,0,-0.2304509,1.842348,6.27698,-0.5005432,-0.7709795,0,0
SDE2,0.597256,0,0.7685344,0.4721851,2.602096,0,0,0,0.0902893,0,0,-0.08359123,0,0.2330459,0,0,0,11.631,0
SDHA,-0.2877031,7.797545,-0.1146471,-0.0935092,-0.09442118,-0.5638271,-0.5791699,-0.03758658,-0.2491273,0,0,-0.3664384,-0.1750098,-0.09778964,-0.4340644,-0.4650668,9.577301,1.466705,0
COPA,0,0,0,0,0,-0.4530772,0,0,0,0,0,0,-0.123392,3.616465,-0.06363138,0,12.30306,0,0
SFSWAP,-0.1948588,0.3214481,0,-0.1540113,0,-0.8491714,-0.6260776,0,3.197275,0,0,2.127643,0,14.68258,-0.4468218,0,0,0,0
DHX38,0,-0.2435973,1.436039,0,0.05952357,0,-0.4637113,0,0,0,0,3.845228,0,0,0,0.1696992,0,24.59413,0
PPP1R10,0,0,0,0,1.56763,-0.4133708,0,0,0,0.224832,21.38242,0,0,0,0,0.9971047,0.01435192,0,0
HMG20B,0,-0.5855425,0,0,0,45.09292,28.16873,0,0,0,0,0,0,0,0,0,0,0,0
CCDC71L,0,0,0,0,0,28.37544,19.98636,0,0,0,0,0,0,0,0,0,0,0,0
PCGF6,0,0,0,0,0,35.49537,32.40739,0,0,0,0,0,0,0,0,0,0,0,0
CTBP2,0,0,0,0,0,68.04325,15.43722,0,0,0,0,0,0,0,0,0,0,0,0
PFDN5,0,0,0,0,0,24.21466,6.003908,0,-0.2667408,0,0,0,0,-0.5048822,0,0,0,0,0
PFDN6,0,0,0.542392,0,0,1.907726,-0.4424153,20.71099,-0.1537894,0,0,0,0,0,0,0,0,-0.06079878,0
VBP1,0,0,-0.3150744,0,0.04801832,33.95675,4.328783,0,0,0,0,0,0,0,-0.6832329,0,0,0.4253647,0
ZNF296,0,0,0,0,0,36.77194,26.13087,0,0,0,0,-0.6193729,0,0,0,0,0,0,0
CCDC71,0,0,0,0,0,38.86108,20.1513,0,0,0,0,-0.7181607,0,0,0,0,0,0,0
CDYL2,0,0,0,0,0,26.65051,30.75293,0,0,0,0,0,0,0,0,0,0,0,0
L3MBTL2,0,0,-0.4568708,0,0,29.72727,44.42419,0,0,0,0,0,0,0,0,0,0,0,0
BEND7,0,0,0,0,0,12.73216,13.04881,0,0,0,0,4.067449,0,0,0,0,0,0,0
BEND7,0,0,0,0,0,13.55336,6.420813,0,0,0,0,12.46154,0,0,0,0,0,0,0
PHF21A,0,0,0,0,0,12.00181,14.47701,0,0,0,0,0,0,0,0,0,0,0,0
LSM2,0.006123128,-0.06522961,0,0,7.923954,-0.3271311,0,0,0.9965071,0,0,0.02532991,0.03303452,0.2040954,-0.1788459,0,0,0.7593583,0
LRRC59,0,0,0,0.9893998,0,0,0,0,0,0,0,0,0,-0.3193979,-0.1963313,0,14.26271,2.673703,0
CCT8,-0.5043936,-0.9032798,-0.4473008,-0.4185049,1.857064,10.46465,37.37065,0,-0.4365455,0,0,0.3023048,-0.6084874,-1.087702,-1.546815,-0.9260221,-1.296685,-0.5953558,0
ZNF592,0,0,0,0,0,56.03346,18.83222,0,0,0,0,-0.6710224,0,0,0,0,0,0,0
TRA2B,0,-0.1022096,0,0,3.922599,0,0,0,0,-0.02693197,12.76697,0.4141445,0.8121227,0,-0.2281526,0,0,0,0
BAHD1,0,0,0,0,0,16.63997,20.37031,0,0,0,0,0,0,0,0,0,0,0,0
HAT1,0,0,0,0,-0.04320329,0,0,-0.3275151,0,0.5756898,0.350835,41.63175,-0.2223783,-0.4618419,-0.5193963,0,-0.4926426,0,0
RPN1,0,0,-0.1639169,-0.1888791,0,-0.3398269,0,0,0,0,0,0,-0.1940983,-0.3487219,-0.4816897,0,26.44829,0,0
CWC27,9.266631,0.1202788,-0.1061146,0,0.6052443,0,0,0.03662072,2.969205,0,0,0,0.8411103,0,0,0,0,9.013899,0
GRSF1,0,-0.2087307,0.5831035,0,0.1060123,0,0,0,0,0,2.222729,0,13.66394,0,0,-0.263149,0,9.427169,0
SFMBT1,0,0,0,0,0,33.3188,-0.710328,0,0,0,0,0,0,0,0,0,0,0,0
ZNF423,0,0,0,0,0,35.07658,9.704083,0,0,0,0,0,0,0,0,0,0,0,0
MGA,0,0,0,0,0,60.77029,14.04167,0,-0.2898191,0,0,0,0,0,0,0,0,0,0
LAMB2,0,0,0,0,0,16.13618,32.69923,0,-0.3980588,0,0,0,0,0,1.180136,0,0,0,0
ZMYND8,-0.3779508,0,0,0,0,29.47487,9.612441,0,0,0,0,-0.3616937,0,0,-0.6909445,0,0,-0.3634685,0
LRPPRC,0,-0.3522527,0.1525377,0,0,0,0,-0.2772261,0,0,0,-0.3573675,-0.2539886,-0.4936443,-0.6609886,-0.4545116,40.03043,0,0
RTN4,0,-0.1936596,0.628317,0,0,0,0,0,-0.1308761,0,0,0,0,0,0,0,22.2624,-0.02260992,0
ERCC6,0,0,0,0,0,11.63778,-0.2512487,0,0,0,0,10.83037,0,0,0,0,0,0,0
MCM6,0,0,-0.000416559,0,0.2125038,0,0,0,0.1191827,0,0,0.9200721,0,-0.2702537,0.3075447,0,0,17.13925,0
ZNF608,0,0,0,0,0,18.3943,2.224306,0,0,0,0,0,0,0,0,0,0,0,0
MCM4,0,1.468268,0.5996104,-0.07003382,0.1133487,-0.4391652,-0.4233425,-0.1709631,1.318924,0,0.1009204,-0.1586686,-0.1049643,0,-0.3628444,0,-0.4038836,14.22125,0
ASF1A,0,0,0,0,0,0,0,0,0,0,0,35.52814,0,0,0,0,0,0,0
S100A8,-0.22726,0,0,0,0,0,-0.69088,0,2.021457,0,0,0,0,35.0149,0,0,0,0,0
COMT,0,0,0,0,0,0,0,0,0,0,0,0,0,-0.1709413,0,0,18.46618,0,0
CYB5R3,0,0,0,1.535289,0,0,0,0,-0.1434765,0,0,0,0,0,0,0,24.03226,0,0
LMAN2,0,0,0,0,0,0,0,-0.1215825,0,0,0,0,0,0,0,0,23.36107,0,0
SAP18,12.035,0,0,0,0,-0.2334082,0,0,0,0,0,0,0,0,0,0,0,0.30756,0
PHF1,0,0,0,0,0,0,0,0,0,0,0,35.20273,0,0,0,0,0,0,0
MTF2,0,0,0,0,0,0,0,0,0,0,0,39.34423,0,0,0,0,0,0,0
TESMIN,0,0,0,0,0,0,0,0,0,0,0,26.91974,0,0,0,0,0,0,0
BAG2,0,0,0,0,0,-0.6555953,0,-0.2163995,0,0,0,0,0,-0.1284952,28.30412,0,0,0,0
TRMT1,0,0,0,0,0,-0.5190492,0,0,0,54.51935,0,0,0,0,0,0,0,0,0
APMAP,0,0,-0.04529371,0,0,-0.5538888,0,0,0,0,0,0,0,-0.2836882,0,0,21.41897,0,0
HMOX2,0,-0.1083828,0,0,0,0,0,0,-0.06265465,0,0,0,0,-0.2497744,0,0,17.09749,0,0
JARID2,0,0,0,0,0,0,0,0,0,0,0,34.16736,0,0,0,0,0,0,0
GLYR1,0,32.39644,0,0,0,-0.4788944,-0.4730039,0,0,0,0,3.746107,0,0,0,0,0,0,0
ZNF704,0,0,0,0,0,0,0,-0.1938062,0,0,0,0,0.1023804,29.0903,0,0,0,0,0
AIMP1,8.190969,-0.1460479,0,0.4745121,0,0,-0.3661619,0,-0.09278671,0.2913323,0,0,0,0,0.7019781,0.1029545,0,3.828753,0
SERPINB3,0,0,0.994528,0,0,0,0,0,10.97912,0,0.02269514,0,0,3.026927,0,0,0,0,0
ARID4A,0,4.156565,0,0,0,19.07524,0,0,0,0,0,0,0,0.7648556,0,0,0,0,0
ARG1,0,0,0.3542393,3.792242,0,0,-0.3447267,0,1.231245,0,11.05544,0,0.7449136,-0.2660043,-0.2580234,0,0,0,0
LAMC1,0,0,0,0,4.922302,0,0,0,3.37654,0,0,-0.3498766,0,0,34.27852,0,0,0,0
RPN2,0,0,0,0,0,-0.3758913,0,-0.06550656,-0.07525724,0,0,0,-0.0258719,-0.1844818,0,0,15.82495,0,0
EIF4A2,0,0,-0.1359077,0.2587087,11.67079,-0.2259614,0,3.122089,0,-0.1864962,0,0.63164,-0.145242,0,-0.2615029,1.544267,0,2.64492,
FBN1,0,0,0,0,70.10185,0,0,0,-0.5907942,0,0,-0.6307528,0,-1.364168,4.875618,25.39756,0,0,
LCOR,0,0,0,0,0,0,0,0,0,0,0,19.67211,0,0,0,0,0,0,
WWP2,1.023859,0,0,0,0,0,0,0,0,0,0,0,0,0,0,0.4798304,0,12.69135,
LAMB1,0,0,0,0,1.250328,0,0,0,2.369229,0,0,0,0,0,25.4943,-0.3185894,0,0,
IARS1,9.764525,0.3613078,0,0,0.1786971,-0.5226535,-0.3743312,-0.1056147,-0.09932211,0.8097865,0,0,0,-0.2956088,0,1.086536,0,1.188552,
BRCA2,0,0,0,0,0,0,0,0,0,29.94016,0,0,0,0,0,0,0,0,
TRRAP,0,0,-0.07857873,0,0,0,0,0,0,35.64509,0,0,0,0,0,0,-0.3790244,0,
MAP4K4,0,0.289665,0,-0.1472087,0.1079605,-0.4801627,-0.4413207,-0.1763513,0.4543326,-0.2014446,0.09553227,-0.09088357,-0.1402478,0.9647143,0.3754624,0,-0.2179743,12.9289,
